Specific_Name,Matched_Generic_Name,Generic_UUID,Score
Asphalttragschicht - Hochbau,Asphalt surface layer,d84cbf6a-0a50-426f-aa3d-c45918b43575,0.6347115635871887
Asphalttragschicht - Hochbau,Asphalt surface layer,d84cbf6a-0a50-426f-aa3d-c45918b43575,0.6347115635871887
Asphalttragschicht - Hochbau,Asphalt surface layer,d84cbf6a-0a50-426f-aa3d-c45918b43575,0.6347115635871887
"Balkenschichtholz Nadelholz - unbeschichtet, naturbelassen",eLCA Luftschicht (gemäß EN 15804+A2),1d0124d4-5a30-4501-a8dd-dbddbb1f8ec7,0.4229274094104767
"Balkenschichtholz Nadelholz - unbeschichtet, naturbelassen",eLCA Luftschicht (gemäß EN 15804+A2),1d0124d4-5a30-4501-a8dd-dbddbb1f8ec7,0.4229274094104767
"Balkenschichtholz Nadelholz - unbeschichtet, naturbelassen",eLCA Luftschicht (gemäß EN 15804+A2),1d0124d4-5a30-4501-a8dd-dbddbb1f8ec7,0.4229274094104767
Brettsperrholz,Gypsum (CaSO4 beta hemihydrate),ee840270-3055-428a-b38d-e7727426cc35,0.2935361862182617
Brettsperrholz,Gypsum (CaSO4 beta hemihydrate),ee840270-3055-428a-b38d-e7727426cc35,0.2935361862182617
Brettsperrholz,Gypsum (CaSO4 beta hemihydrate),ee840270-3055-428a-b38d-e7727426cc35,0.2935361862182617
Konstruktionsvollholz - naturbelassen,eLCA Luftschicht (gemäß EN 15804+A2),1d0124d4-5a30-4501-a8dd-dbddbb1f8ec7,0.37885817885398865
Konstruktionsvollholz - naturbelassen,eLCA Luftschicht (gemäß EN 15804+A2),1d0124d4-5a30-4501-a8dd-dbddbb1f8ec7,0.37885817885398865
Konstruktionsvollholz - naturbelassen,eLCA Luftschicht (gemäß EN 15804+A2),1d0124d4-5a30-4501-a8dd-dbddbb1f8ec7,0.37885817885398865
Beton - Carbonfasern / Textilbeton ,Carbon dioxide (R744),a5bb6444-74e1-43f7-8e7d-55aed1ac1b6e,0.39375612139701843
Beton - Carbonfasern / Textilbeton ,Carbon dioxide (R744),a5bb6444-74e1-43f7-8e7d-55aed1ac1b6e,0.39375612139701843
Beton - Carbonfasern / Textilbeton ,Carbon dioxide (R744),a5bb6444-74e1-43f7-8e7d-55aed1ac1b6e,0.39375612139701843
Bitumenbahnen mit Alu oder Kupfer,"Bitumen emulsion (40% bitumen, 60% water)",a6b26cf9-3f9a-4abc-9412-87fdc0cdf3f6,0.47359350323677063
Bitumenbahnen mit Alu oder Kupfer,"Bitumen emulsion (40% bitumen, 60% water)",a6b26cf9-3f9a-4abc-9412-87fdc0cdf3f6,0.47359350323677063
Bitumenbahnen mit Alu oder Kupfer,"Bitumen emulsion (40% bitumen, 60% water)",a6b26cf9-3f9a-4abc-9412-87fdc0cdf3f6,0.47359350323677063
Polymer-Bitumenabdichtungsbahn,5.3.01. Plastic-modified bitumen thick coating,85c48e5f-299c-463b-9aaf-da332a29dfe0,0.5916318297386169
Polymer-Bitumenabdichtungsbahn,5.3.01. Plastic-modified bitumen thick coating,85c48e5f-299c-463b-9aaf-da332a29dfe0,0.5916318297386169
Polymer-Bitumenabdichtungsbahn,5.3.01. Plastic-modified bitumen thick coating,85c48e5f-299c-463b-9aaf-da332a29dfe0,0.5916318297386169
Elastomer-Dachbahnen,eLCA Luftschicht (gemäß EN 15804+A1),41c5627a-4a1d-4e12-ac62-c1d4f1560fb9,0.40584632754325867
Elastomer-Dachbahnen,eLCA Luftschicht (gemäß EN 15804+A1),41c5627a-4a1d-4e12-ac62-c1d4f1560fb9,0.40584632754325867
Elastomer-Dachbahnen,eLCA Luftschicht (gemäß EN 15804+A1),41c5627a-4a1d-4e12-ac62-c1d4f1560fb9,0.40584632754325867
PIB-Dachbahnen (Polyisobutylen),Polybutadiene pipe,83a21998-b507-429e-bbe3-b5629e601138,0.51982581615448
PIB-Dachbahnen (Polyisobutylen),Polybutadiene pipe,83a21998-b507-429e-bbe3-b5629e601138,0.51982581615448
PIB-Dachbahnen (Polyisobutylen),Polybutadiene pipe,83a21998-b507-429e-bbe3-b5629e601138,0.51982581615448
PP-/PE Folie,PE/PP fleece,95a4f4b3-b354-4e2c-9046-0a36175cd768,0.6232413053512573
PP-/PE Folie,PE/PP fleece,95a4f4b3-b354-4e2c-9046-0a36175cd768,0.6232413053512573
PP-/PE Folie,PE/PP fleece,95a4f4b3-b354-4e2c-9046-0a36175cd768,0.6232413053512573
Blähglasgranulatplatte,Tetrafluoropropene (R1234ze),b3875fa1-4d62-40dc-ab2d-68fe1fbaf352,0.38834360241889954
Blähglasgranulatplatte,Tetrafluoropropene (R1234ze),b3875fa1-4d62-40dc-ab2d-68fe1fbaf352,0.38834360241889954
Blähglasgranulatplatte,Tetrafluoropropene (R1234ze),b3875fa1-4d62-40dc-ab2d-68fe1fbaf352,0.38834360241889954
Blähperlit-Platten,Kraft paper,b1ea7c10-4471-4485-95bf-7dc0a00025b6,0.3213152587413788
Blähperlit-Platten,Kraft paper,b1ea7c10-4471-4485-95bf-7dc0a00025b6,0.3213152587413788
Blähperlit-Platten,Kraft paper,b1ea7c10-4471-4485-95bf-7dc0a00025b6,0.3213152587413788
DFF: Alu-Kunststoff-Komposit [kg/m² Rahmen],"Lime (CaO, Finelime)",d63868d0-5a54-40fd-ad33-5eee2b0228e1,0.4213005602359772
DFF: Alu-Kunststoff-Komposit [kg/m² Rahmen],"Lime (CaO, Finelime)",d1d6f54d-9709-4302-8276-fdb7d06801fd,0.4213005602359772
DFF: Alu-Kunststoff-Komposit [kg/m² Rahmen],"Lime (CaO, Finelime)",d1d6f54d-9709-4302-8276-fdb7d06801fd,0.4213005602359772
DFF: Kunststoffrahmen PVC  [kg/m² Rahmen],PVC Plastisol,0e39587e-8c05-4a8e-80b5-bb9a57bbe164,0.41536203026771545
DFF: Kunststoffrahmen PVC  [kg/m² Rahmen],PVC Plastisol,0e39587e-8c05-4a8e-80b5-bb9a57bbe164,0.41536203026771545
DFF: Kunststoffrahmen PVC  [kg/m² Rahmen],PVC Plastisol,0e39587e-8c05-4a8e-80b5-bb9a57bbe164,0.41536203026771545
Kunststoffrahmen PVC mit Aludeckschale [kg/m² Rahmen],CR profile (chloroprene rubber),208395ce-85db-4ec3-ab24-8e5920f58077,0.3392283320426941
Kunststoffrahmen PVC mit Aludeckschale [kg/m² Rahmen],CR profile (chloroprene rubber),208395ce-85db-4ec3-ab24-8e5920f58077,0.3392283320426941
Kunststoffrahmen PVC mit Aludeckschale [kg/m² Rahmen],CR profile (chloroprene rubber),208395ce-85db-4ec3-ab24-8e5920f58077,0.3392283320426941
DFF: Alu-Holz-Komposit-Rahmen [kg/m² Rahmen],Linoleum,c3d7aef9-38a6-4d2a-a77f-2eee25461482,0.37565499544143677
DFF: Alu-Holz-Komposit-Rahmen [kg/m² Rahmen],Linoleum,c3d7aef9-38a6-4d2a-a77f-2eee25461482,0.37565499544143677
DFF: Alu-Holz-Komposit-Rahmen [kg/m² Rahmen],Linoleum,c3d7aef9-38a6-4d2a-a77f-2eee25461482,0.37565499544143677
"Holzrahmen Fichte mit Aludeckschale [kg/m² Rahmen] t=0,088 ",Linoleum,c3d7aef9-38a6-4d2a-a77f-2eee25461482,0.34013810753822327
"Holzrahmen Fichte mit Aludeckschale [kg/m² Rahmen] t=0,088 ",Linoleum,c3d7aef9-38a6-4d2a-a77f-2eee25461482,0.34013810753822327
"Holzrahmen Fichte mit Aludeckschale [kg/m² Rahmen] t=0,088 ",Linoleum,c3d7aef9-38a6-4d2a-a77f-2eee25461482,0.34013810753822327
"Holzrahmen Lärche mit Aludeckschale [kg/m² Rahmen] t=0,088 ",Linoleum,c3d7aef9-38a6-4d2a-a77f-2eee25461482,0.38169631361961365
"Holzrahmen Lärche mit Aludeckschale [kg/m² Rahmen] t=0,088 ",Linoleum,c3d7aef9-38a6-4d2a-a77f-2eee25461482,0.38169631361961365
"Holzrahmen Lärche mit Aludeckschale [kg/m² Rahmen] t=0,088 ",Linoleum,c3d7aef9-38a6-4d2a-a77f-2eee25461482,0.38169631361961365
"Holzrahmen PH mit Aludeckschale [kg/m² Rahmen] t=0,155 ",Gypsum (CaSO4 beta hemihydrate),ee840270-3055-428a-b38d-e7727426cc35,0.32324472069740295
"Holzrahmen PH mit Aludeckschale [kg/m² Rahmen] t=0,155 ",Gypsum (CaSO4 beta hemihydrate),ee840270-3055-428a-b38d-e7727426cc35,0.32324472069740295
"Holzrahmen PH mit Aludeckschale [kg/m² Rahmen] t=0,155 ",Gypsum (CaSO4 beta hemihydrate),ee840270-3055-428a-b38d-e7727426cc35,0.32324472069740295
DFF: Alu-Holz-Komposit-Rahmen [kg/m² Rahmen] ohne HSM,Use - 1 kWh of final energy from gas low-temperature (according to GEG),a0318d13-5658-4f05-bdf6-a2c2ce410e04,0.3642835021018982
DFF: Alu-Holz-Komposit-Rahmen [kg/m² Rahmen] ohne HSM,Use - 1 kWh of final energy from gas low-temperature (according to GEG),e7f3ae4f-5a85-41ac-9f47-5a5afa2e2312,0.3642835021018982
DFF: Alu-Holz-Komposit-Rahmen [kg/m² Rahmen] ohne HSM,Use - 1 kWh of final energy from gas low-temperature (according to EnEV),e58a3c28-4818-43e3-9e72-f08267926613,0.35397425293922424
"Holzrahmen Fichte mit Aludeckschale [kg/m² Rahmen] t=0,088 ohne HSM",eLCA Luftschicht (gemäß EN 15804+A2),1d0124d4-5a30-4501-a8dd-dbddbb1f8ec7,0.33755019307136536
"Holzrahmen Fichte mit Aludeckschale [kg/m² Rahmen] t=0,088 ohne HSM",eLCA Luftschicht (gemäß EN 15804+A2),1d0124d4-5a30-4501-a8dd-dbddbb1f8ec7,0.33755019307136536
"Holzrahmen Fichte mit Aludeckschale [kg/m² Rahmen] t=0,088 ohne HSM",eLCA Luftschicht (gemäß EN 15804+A2),1d0124d4-5a30-4501-a8dd-dbddbb1f8ec7,0.33755019307136536
"Holzrahmen Lärche mit Aludeckschale [kg/m² Rahmen] t=0,088 ohne HSM",eLCA Luftschicht (gemäß EN 15804+A2),1d0124d4-5a30-4501-a8dd-dbddbb1f8ec7,0.36740782856941223
"Holzrahmen Lärche mit Aludeckschale [kg/m² Rahmen] t=0,088 ohne HSM",eLCA Luftschicht (gemäß EN 15804+A2),1d0124d4-5a30-4501-a8dd-dbddbb1f8ec7,0.36740782856941223
"Holzrahmen Lärche mit Aludeckschale [kg/m² Rahmen] t=0,088 ohne HSM",eLCA Luftschicht (gemäß EN 15804+A2),1d0124d4-5a30-4501-a8dd-dbddbb1f8ec7,0.36740782856941223
"Holzrahmen PH mit Aludeckschale [kg/m² Rahmen] t=0,155 ohne HSM",Gypsum (CaSO4 beta hemihydrate),ee840270-3055-428a-b38d-e7727426cc35,0.3176037073135376
"Holzrahmen PH mit Aludeckschale [kg/m² Rahmen] t=0,155 ohne HSM",Gypsum (CaSO4 beta hemihydrate),ee840270-3055-428a-b38d-e7727426cc35,0.3176037073135376
"Holzrahmen PH mit Aludeckschale [kg/m² Rahmen] t=0,155 ohne HSM",Gypsum (CaSO4 beta hemihydrate),ee840270-3055-428a-b38d-e7727426cc35,0.3176037073135376
"DFF: Holzrahmen Fichte, beschichtet [kg/m² Rahmen]",eLCA Luftschicht (gemäß EN 15804+A2),1d0124d4-5a30-4501-a8dd-dbddbb1f8ec7,0.4823904037475586
"DFF: Holzrahmen Fichte, beschichtet [kg/m² Rahmen]",eLCA Luftschicht (gemäß EN 15804+A2),1d0124d4-5a30-4501-a8dd-dbddbb1f8ec7,0.4823904037475586
"DFF: Holzrahmen Fichte, beschichtet [kg/m² Rahmen]",eLCA Luftschicht (gemäß EN 15804+A2),1d0124d4-5a30-4501-a8dd-dbddbb1f8ec7,0.4823904037475586
"DFF: Holzrahmen Lärche, beschichtet [kg/m² Rahmen]",eLCA Luftschicht (gemäß EN 15804+A2),1d0124d4-5a30-4501-a8dd-dbddbb1f8ec7,0.48333069682121277
"DFF: Holzrahmen Lärche, beschichtet [kg/m² Rahmen]",eLCA Luftschicht (gemäß EN 15804+A2),1d0124d4-5a30-4501-a8dd-dbddbb1f8ec7,0.48333069682121277
"DFF: Holzrahmen Lärche, beschichtet [kg/m² Rahmen]",eLCA Luftschicht (gemäß EN 15804+A2),1d0124d4-5a30-4501-a8dd-dbddbb1f8ec7,0.48333069682121277
OSB Platte,Chipboard (generic),07a8b3de-9406-4184-bb6e-c9208983c868,0.41666197776794434
OSB Platte,Chipboard (generic),07a8b3de-9406-4184-bb6e-c9208983c868,0.41666197776794434
OSB Platte,Chipboard (generic),07a8b3de-9406-4184-bb6e-c9208983c868,0.41666197776794434
Mineralwolle (Boden-Dämmung),Gypsum stone (CaSO4-Dihydrate),fbd76e49-0fb1-47e0-abba-903ce1272684,0.4380834102630615
Mineralwolle (Boden-Dämmung),Gypsum stone (CaSO4-Dihydrate),fbd76e49-0fb1-47e0-abba-903ce1272684,0.4380834102630615
Mineralwolle (Boden-Dämmung),Gypsum stone (CaSO4-Dihydrate),fbd76e49-0fb1-47e0-abba-903ce1272684,0.4380834102630615
Mineralwolle (Fassaden-Dämmung),Gypsum stone (CaSO4-Dihydrate),fbd76e49-0fb1-47e0-abba-903ce1272684,0.4923444986343384
Mineralwolle (Fassaden-Dämmung),Gypsum stone (CaSO4-Dihydrate),fbd76e49-0fb1-47e0-abba-903ce1272684,0.4923444986343384
Mineralwolle (Fassaden-Dämmung),Gypsum stone (CaSO4-Dihydrate),fbd76e49-0fb1-47e0-abba-903ce1272684,0.4923444986343384
Mineralwolle (Flachdach-Dämmung),Gypsum stone (CaSO4-Dihydrate),fbd76e49-0fb1-47e0-abba-903ce1272684,0.4145781397819519
Mineralwolle (Flachdach-Dämmung),Gypsum stone (CaSO4-Dihydrate),fbd76e49-0fb1-47e0-abba-903ce1272684,0.4145781397819519
Mineralwolle (Flachdach-Dämmung),Gypsum stone (CaSO4-Dihydrate),fbd76e49-0fb1-47e0-abba-903ce1272684,0.4145781397819519
Mineralwolle (Innenausbau-Dämmung),Gypsum stone (CaSO4-Dihydrate),fbd76e49-0fb1-47e0-abba-903ce1272684,0.4148707687854767
Mineralwolle (Innenausbau-Dämmung),Gypsum stone (CaSO4-Dihydrate),fbd76e49-0fb1-47e0-abba-903ce1272684,0.4148707687854767
Mineralwolle (Innenausbau-Dämmung),Gypsum stone (CaSO4-Dihydrate),fbd76e49-0fb1-47e0-abba-903ce1272684,0.4148707687854767
Mineralwolle (Schrägdach-Dämmung),Gypsum stone (CaSO4-Dihydrate),fbd76e49-0fb1-47e0-abba-903ce1272684,0.4540608823299408
Mineralwolle (Schrägdach-Dämmung),Gypsum stone (CaSO4-Dihydrate),fbd76e49-0fb1-47e0-abba-903ce1272684,0.4540608823299408
Mineralwolle (Schrägdach-Dämmung),Gypsum stone (CaSO4-Dihydrate),fbd76e49-0fb1-47e0-abba-903ce1272684,0.4540608823299408
EPS-Hartschaumdämmung - Sz. Creasolv,eLCA Luftschicht (gemäß EN 15804+A1),41c5627a-4a1d-4e12-ac62-c1d4f1560fb9,0.3447408974170685
EPS-Hartschaumdämmung - Sz. Creasolv,eLCA Luftschicht (gemäß EN 15804+A1),41c5627a-4a1d-4e12-ac62-c1d4f1560fb9,0.3447408974170685
EPS-Hartschaumdämmung - Sz. Creasolv,eLCA Luftschicht (gemäß EN 15804+A1),41c5627a-4a1d-4e12-ac62-c1d4f1560fb9,0.3447408974170685
EPS-Hartschaumdämmung - Sz. Verbrennung,eLCA Luftschicht (gemäß EN 15804+A2),1d0124d4-5a30-4501-a8dd-dbddbb1f8ec7,0.2891768217086792
EPS-Hartschaumdämmung - Sz. Verbrennung,eLCA Luftschicht (gemäß EN 15804+A2),1d0124d4-5a30-4501-a8dd-dbddbb1f8ec7,0.2891768217086792
EPS-Hartschaumdämmung - Sz. Verbrennung,eLCA Luftschicht (gemäß EN 15804+A2),1d0124d4-5a30-4501-a8dd-dbddbb1f8ec7,0.2891768217086792
Schüttung aus Polystyrolschaumstoff-Partikeln (ohne Bindemittel),Tetrafluoroethane (R134a),b47d86ac-60fa-46f7-ac5c-f98be4b7acdd,0.3729074001312256
Schüttung aus Polystyrolschaumstoff-Partikeln (ohne Bindemittel),Tetrafluoroethane (R134a),b47d86ac-60fa-46f7-ac5c-f98be4b7acdd,0.3729074001312256
Schüttung aus Polystyrolschaumstoff-Partikeln (ohne Bindemittel),Tetrafluoroethane (R134a),b47d86ac-60fa-46f7-ac5c-f98be4b7acdd,0.3729074001312256
"Innentür Metallzarge lackiert, Gewicht/lfm, d (IW)=10cm","Cork slab, 8 mm (generic)",717cc09a-e2c5-48fb-913e-24b54fc5e851,0.48005232214927673
"Innentür Metallzarge lackiert, Gewicht/lfm, d (IW)=10cm","Cork slab, 8 mm (generic)",717cc09a-e2c5-48fb-913e-24b54fc5e851,0.48005232214927673
"Innentür Metallzarge lackiert, Gewicht/lfm, d (IW)=10cm","Cork slab, 8 mm (generic)",717cc09a-e2c5-48fb-913e-24b54fc5e851,0.48005232214927673
"Innentür Metallzarge lackiert, Gewicht/lfm, d (IW)=20cm","Cork slab, 6 mm (generic)",4116031f-9ee7-4ac0-93e7-972c4b2de8a0,0.4887423813343048
"Innentür Metallzarge lackiert, Gewicht/lfm, d (IW)=20cm","Cork slab, 6 mm (generic)",4116031f-9ee7-4ac0-93e7-972c4b2de8a0,0.4887423813343048
"Innentür Metallzarge lackiert, Gewicht/lfm, d (IW)=20cm","Cork slab, 6 mm (generic)",4116031f-9ee7-4ac0-93e7-972c4b2de8a0,0.4887423813343048
"Innentür Metallzarge lackiert, Gewicht/Stk, d (IW)=10cm, Türlichte 0,9 x 2,0","Cork slab, 8 mm (generic)",717cc09a-e2c5-48fb-913e-24b54fc5e851,0.4457271993160248
"Innentür Metallzarge lackiert, Gewicht/Stk, d (IW)=10cm, Türlichte 0,9 x 2,0","Cork slab, 8 mm (generic)",717cc09a-e2c5-48fb-913e-24b54fc5e851,0.4457271993160248
"Innentür Metallzarge lackiert, Gewicht/Stk, d (IW)=10cm, Türlichte 0,9 x 2,0","Cork slab, 8 mm (generic)",717cc09a-e2c5-48fb-913e-24b54fc5e851,0.4457271993160248
"Innentür Metallzarge lackiert, Gewicht/Stk, d (IW)=20cm, Türlichte 0,9 x 2,0","Cork slab, (thickness 0.006 m)",38babeb7-2b2f-42e2-9270-0daac46ebe07,0.4489150047302246
"Innentür Metallzarge lackiert, Gewicht/Stk, d (IW)=20cm, Türlichte 0,9 x 2,0","Cork slab, (thickness 0.006 m)",38babeb7-2b2f-42e2-9270-0daac46ebe07,0.4489150047302246
"Innentür Metallzarge lackiert, Gewicht/Stk, d (IW)=20cm, Türlichte 0,9 x 2,0","Cork slab, (thickness 0.006 m)",38babeb7-2b2f-42e2-9270-0daac46ebe07,0.4489150047302246
Hanfdämmplatte (druckbelastet),Gypsum (CaSO4 beta hemihydrate),ee840270-3055-428a-b38d-e7727426cc35,0.37607020139694214
Hanfdämmplatte (druckbelastet),Gypsum (CaSO4 beta hemihydrate),ee840270-3055-428a-b38d-e7727426cc35,0.37607020139694214
Hanfdämmplatte (druckbelastet),Gypsum (CaSO4 beta hemihydrate),ee840270-3055-428a-b38d-e7727426cc35,0.37607020139694214
Hanfdämmplatte (nicht druckbelastet),Gypsum (CaSO4 beta hemihydrate),ee840270-3055-428a-b38d-e7727426cc35,0.3566829264163971
Hanfdämmplatte (nicht druckbelastet),Gypsum (CaSO4 beta hemihydrate),ee840270-3055-428a-b38d-e7727426cc35,0.3566829264163971
Hanfdämmplatte (nicht druckbelastet),Gypsum (CaSO4 beta hemihydrate),ee840270-3055-428a-b38d-e7727426cc35,0.3566829264163971
Gips-Kalk-Putz auf Massivbaustoff,Pumice stone (SFK-4),8f44840b-28ae-418b-bf12-fcac5b7c68b3,0.4379725456237793
Gips-Kalk-Putz auf Massivbaustoff,Pumice stone (SFK-4),8f44840b-28ae-418b-bf12-fcac5b7c68b3,0.4379725456237793
Gips-Kalk-Putz auf Massivbaustoff,Pumice stone (SFK-4),8f44840b-28ae-418b-bf12-fcac5b7c68b3,0.4379725456237793
Gipsputz (innen),Polybutadiene pipe,83a21998-b507-429e-bbe3-b5629e601138,0.3014930486679077
Gipsputz (innen),Polybutadiene pipe,83a21998-b507-429e-bbe3-b5629e601138,0.3014930486679077
Gipsputz (innen),Polybutadiene pipe,83a21998-b507-429e-bbe3-b5629e601138,0.3014930486679077
Kalk-Gips-Innenputz auf Massivbaustoff,Pumice stone (SFK-4),8f44840b-28ae-418b-bf12-fcac5b7c68b3,0.3975042998790741
Kalk-Gips-Innenputz auf Massivbaustoff,Pumice stone (SFK-4),8f44840b-28ae-418b-bf12-fcac5b7c68b3,0.3975042998790741
Kalk-Gips-Innenputz auf Massivbaustoff,Pumice stone (SFK-4),8f44840b-28ae-418b-bf12-fcac5b7c68b3,0.3975042998790741
Glaskeramik-Tafeln (Fassade),eLCA Luftschicht (gemäß EN 15804+A2),1d0124d4-5a30-4501-a8dd-dbddbb1f8ec7,0.4010619521141052
Glaskeramik-Tafeln (Fassade),eLCA Luftschicht (gemäß EN 15804+A2),1d0124d4-5a30-4501-a8dd-dbddbb1f8ec7,0.4010619521141052
Glaskeramik-Tafeln (Fassade),eLCA Luftschicht (gemäß EN 15804+A2),1d0124d4-5a30-4501-a8dd-dbddbb1f8ec7,0.4010619521141052
Hartholzfaser-Platten,Kraft paper,b1ea7c10-4471-4485-95bf-7dc0a00025b6,0.4070923328399658
Hartholzfaser-Platten,Kraft paper,b1ea7c10-4471-4485-95bf-7dc0a00025b6,0.4070923328399658
Hartholzfaser-Platten,Kraft paper,b1ea7c10-4471-4485-95bf-7dc0a00025b6,0.4070923328399658
HDF-Platte,PE-HD with PP fleece zur sealing,900336a3-b5f9-4c40-91a9-f9551f84ac64,0.37975427508354187
HDF-Platte,PE-HD with PP fleece zur sealing,900336a3-b5f9-4c40-91a9-f9551f84ac64,0.37975427508354187
HDF-Platte,PE-HD with PP fleece zur sealing,900336a3-b5f9-4c40-91a9-f9551f84ac64,0.37975427508354187
MDF-Platte,Kraft paper,b1ea7c10-4471-4485-95bf-7dc0a00025b6,0.3610396385192871
MDF-Platte,Kraft paper,b1ea7c10-4471-4485-95bf-7dc0a00025b6,0.3610396385192871
MDF-Platte,Kraft paper,b1ea7c10-4471-4485-95bf-7dc0a00025b6,0.3610396385192871
"Hochlochziegel (hochporosiert), ohne Mörtel / Kleb.",Anhydrite (CaSO4),96045987-0862-4f29-b4ec-798c2e14f23a,0.2999064326286316
"Hochlochziegel (hochporosiert), ohne Mörtel / Kleb.",Anhydrite (CaSO4),40355b42-e78f-4a8d-b351-786eca37d791,0.2999064326286316
"Hochlochziegel (hochporosiert), ohne Mörtel / Kleb.",Anhydrite (CaSO4),839771be-ab23-4873-8b14-b2aa0f6ce9d9,0.2999064326286316
"Hochlochziegel mineralisch gefüllt, ohne Mörtel / Kleb.",Anhydrite (CaSO4),96045987-0862-4f29-b4ec-798c2e14f23a,0.4050920009613037
"Hochlochziegel mineralisch gefüllt, ohne Mörtel / Kleb.",Anhydrite (CaSO4),40355b42-e78f-4a8d-b351-786eca37d791,0.4050920009613037
"Hochlochziegel mineralisch gefüllt, ohne Mörtel / Kleb.",Anhydrite (CaSO4),839771be-ab23-4873-8b14-b2aa0f6ce9d9,0.4050920009613037
Holzdielenboden - unproblem. Beschichtet,eLCA Luftschicht (gemäß EN 15804+A2),1d0124d4-5a30-4501-a8dd-dbddbb1f8ec7,0.45130494236946106
Holzdielenboden - unproblem. Beschichtet,eLCA Luftschicht (gemäß EN 15804+A2),1d0124d4-5a30-4501-a8dd-dbddbb1f8ec7,0.45130494236946106
Holzdielenboden - unproblem. Beschichtet,eLCA Luftschicht (gemäß EN 15804+A2),1d0124d4-5a30-4501-a8dd-dbddbb1f8ec7,0.45130494236946106
"Innentür (Pappe mit Wabenstruktur), Fl.gew.8 kg/m², laminiert oder lackiert ","Natural stone slab, flexible, indoor usage, thickness 20 mm",98c9f1b8-ff8c-4089-bd94-ec58b3fa1bf5,0.38847512006759644
"Innentür (Pappe mit Wabenstruktur), Fl.gew.8 kg/m², laminiert oder lackiert ","Natural stone slab, flexible, indoor usage, thickness 20 mm",98c9f1b8-ff8c-4089-bd94-ec58b3fa1bf5,0.38847512006759644
"Innentür (Pappe mit Wabenstruktur), Fl.gew.8 kg/m², laminiert oder lackiert ","Natural stone slab, flexible, indoor usage, thickness 20 mm",98c9f1b8-ff8c-4089-bd94-ec58b3fa1bf5,0.38847512006759644
"Innentür (Röhrenspanplatte), Fl.gew.15 kg/m², laminiert oder lackiert ",Linoleum (thickness 0.0025 m),56e977b3-d042-4843-b40d-3a33dbb5a555,0.40805721282958984
"Innentür (Röhrenspanplatte), Fl.gew.15 kg/m², laminiert oder lackiert ",Linoleum (thickness 0.0025 m),56e977b3-d042-4843-b40d-3a33dbb5a555,0.40805721282958984
"Innentür (Röhrenspanplatte), Fl.gew.15 kg/m², laminiert oder lackiert ",Linoleum (thickness 0.0025 m),56e977b3-d042-4843-b40d-3a33dbb5a555,0.40805721282958984
"Innentür (Röhrenspanstreifen), Fl.gew.12 kg/m², laminiert oder lackiert ","Acetylated wood (1 m³, 510 kg/m³)",3b1f0c75-07a4-4182-b310-5529fc5b54a6,0.3699547350406647
"Innentür (Röhrenspanstreifen), Fl.gew.12 kg/m², laminiert oder lackiert ","Acetylated wood (1 m³, 510 kg/m³)",3b1f0c75-07a4-4182-b310-5529fc5b54a6,0.3699547350406647
"Innentür (Röhrenspanstreifen), Fl.gew.12 kg/m², laminiert oder lackiert ","Acetylated wood (1 m³, 510 kg/m³)",3b1f0c75-07a4-4182-b310-5529fc5b54a6,0.3699547350406647
"Innentür (Vollspanplatte), Fl.gew.23 kg/m², laminiert oder lackiert","Natural stone slab, flexible, indoor usage, thickness 20 mm",98c9f1b8-ff8c-4089-bd94-ec58b3fa1bf5,0.42542654275894165
"Innentür (Vollspanplatte), Fl.gew.23 kg/m², laminiert oder lackiert","Natural stone slab, flexible, indoor usage, thickness 20 mm",98c9f1b8-ff8c-4089-bd94-ec58b3fa1bf5,0.42542654275894165
"Innentür (Vollspanplatte), Fl.gew.23 kg/m², laminiert oder lackiert","Natural stone slab, flexible, indoor usage, thickness 20 mm",98c9f1b8-ff8c-4089-bd94-ec58b3fa1bf5,0.42542654275894165
"Innentür (Vollspanplatte), Fl.gew.34 kg/m², laminiert oder lackiert","Natural stone slab, flexible, indoor usage, thickness 20 mm",98c9f1b8-ff8c-4089-bd94-ec58b3fa1bf5,0.4132164716720581
"Innentür (Vollspanplatte), Fl.gew.34 kg/m², laminiert oder lackiert","Natural stone slab, flexible, indoor usage, thickness 20 mm",98c9f1b8-ff8c-4089-bd94-ec58b3fa1bf5,0.4132164716720581
"Innentür (Vollspanplatte), Fl.gew.34 kg/m², laminiert oder lackiert","Natural stone slab, flexible, indoor usage, thickness 20 mm",98c9f1b8-ff8c-4089-bd94-ec58b3fa1bf5,0.4132164716720581
"Innentür Massivholz, lackiert, Fl.gewicht 12 kg/m²","Cork slab, 6 mm (generic)",4116031f-9ee7-4ac0-93e7-972c4b2de8a0,0.3898899555206299
"Innentür Massivholz, lackiert, Fl.gewicht 12 kg/m²","Cork slab, 6 mm (generic)",4116031f-9ee7-4ac0-93e7-972c4b2de8a0,0.3898899555206299
"Innentür Massivholz, lackiert, Fl.gewicht 12 kg/m²","Cork slab, 6 mm (generic)",4116031f-9ee7-4ac0-93e7-972c4b2de8a0,0.3898899555206299
"Innentür Massivholz, unbehandelt oder geölt, Fl.gew. 12 kg/m²",eLCA Luftschicht (gemäß EN 15804+A1),41c5627a-4a1d-4e12-ac62-c1d4f1560fb9,0.3959224224090576
"Innentür Massivholz, unbehandelt oder geölt, Fl.gew. 12 kg/m²",eLCA Luftschicht (gemäß EN 15804+A1),41c5627a-4a1d-4e12-ac62-c1d4f1560fb9,0.3959224224090576
"Innentür Massivholz, unbehandelt oder geölt, Fl.gew. 12 kg/m²",eLCA Luftschicht (gemäß EN 15804+A1),41c5627a-4a1d-4e12-ac62-c1d4f1560fb9,0.3959224224090576
Leichtputz mineralisch (mineral. Untergrund),Anhydrite (CaSO4),96045987-0862-4f29-b4ec-798c2e14f23a,0.4799119830131531
Leichtputz mineralisch (mineral. Untergrund),Anhydrite (CaSO4),40355b42-e78f-4a8d-b351-786eca37d791,0.4799119830131531
Leichtputz mineralisch (mineral. Untergrund),Anhydrite (CaSO4),839771be-ab23-4873-8b14-b2aa0f6ce9d9,0.4799119830131531
Silikat-Dispersionsputz (mineral. Untergrund),Primer (Silicate dispersion),d6dc8844-4d8a-4abe-8ce9-db39c965f5bf,0.5352664589881897
Silikat-Dispersionsputz (mineral. Untergrund),Primer (Silicate dispersion),d6dc8844-4d8a-4abe-8ce9-db39c965f5bf,0.5352664589881897
Silikat-Dispersionsputz (mineral. Untergrund),Primer (Silicate dispersion),d6dc8844-4d8a-4abe-8ce9-db39c965f5bf,0.5352664589881897
Silikatputz,"PE foil, dimpled",0dbca1ff-d043-408f-9511-6aeddf8e5f70,0.27671536803245544
Silikatputz,"PE foil, dimpled",0dbca1ff-d043-408f-9511-6aeddf8e5f70,0.27671536803245544
Silikatputz,"PE foil, dimpled",0dbca1ff-d043-408f-9511-6aeddf8e5f70,0.27671536803245544
Silikonharzputz,eLCA Luftschicht (gemäß EN 15804+A2),1d0124d4-5a30-4501-a8dd-dbddbb1f8ec7,0.29709669947624207
Silikonharzputz,eLCA Luftschicht (gemäß EN 15804+A2),1d0124d4-5a30-4501-a8dd-dbddbb1f8ec7,0.29709669947624207
Silikonharzputz,eLCA Luftschicht (gemäß EN 15804+A2),1d0124d4-5a30-4501-a8dd-dbddbb1f8ec7,0.29709669947624207
Lehmbauplatte,eLCA Luftschicht (gemäß EN 15804+A2),1d0124d4-5a30-4501-a8dd-dbddbb1f8ec7,0.45384156703948975
Lehmbauplatte,eLCA Luftschicht (gemäß EN 15804+A2),1d0124d4-5a30-4501-a8dd-dbddbb1f8ec7,0.45384156703948975
Lehmbauplatte,eLCA Luftschicht (gemäß EN 15804+A2),1d0124d4-5a30-4501-a8dd-dbddbb1f8ec7,0.45384156703948975
Lehmfarbe,eLCA Luftschicht (gemäß EN 15804+A1),41c5627a-4a1d-4e12-ac62-c1d4f1560fb9,0.32279980182647705
Lehmfarbe,eLCA Luftschicht (gemäß EN 15804+A1),41c5627a-4a1d-4e12-ac62-c1d4f1560fb9,0.32279980182647705
Lehmfarbe,eLCA Luftschicht (gemäß EN 15804+A1),41c5627a-4a1d-4e12-ac62-c1d4f1560fb9,0.32279980182647705
Lehm-Klebe- und Haftmörtel,eLCA Luftschicht (gemäß EN 15804+A2),1d0124d4-5a30-4501-a8dd-dbddbb1f8ec7,0.44882526993751526
Lehm-Klebe- und Haftmörtel,eLCA Luftschicht (gemäß EN 15804+A2),1d0124d4-5a30-4501-a8dd-dbddbb1f8ec7,0.44882526993751526
Lehm-Klebe- und Haftmörtel,eLCA Luftschicht (gemäß EN 15804+A2),1d0124d4-5a30-4501-a8dd-dbddbb1f8ec7,0.44882526993751526
Lehmputz,eLCA Luftschicht (gemäß EN 15804+A1),41c5627a-4a1d-4e12-ac62-c1d4f1560fb9,0.38760635256767273
Lehmputz,eLCA Luftschicht (gemäß EN 15804+A1),41c5627a-4a1d-4e12-ac62-c1d4f1560fb9,0.38760635256767273
Lehmputz,eLCA Luftschicht (gemäß EN 15804+A1),41c5627a-4a1d-4e12-ac62-c1d4f1560fb9,0.38760635256767273
Lehmputz mit CL-Nachweis,Chlorodifluoromethane (R22),c3d4882b-ee25-4595-9b95-01a318e72a44,0.3326941728591919
Lehmputz mit CL-Nachweis,Chlorodifluoromethane (R22),c3d4882b-ee25-4595-9b95-01a318e72a44,0.3326941728591919
Lehmputz mit CL-Nachweis,Chlorodifluoromethane (R22),c3d4882b-ee25-4595-9b95-01a318e72a44,0.3326941728591919
Lehmschüttung granuliert,eLCA Luftschicht (gemäß EN 15804+A2),1d0124d4-5a30-4501-a8dd-dbddbb1f8ec7,0.534087061882019
Lehmschüttung granuliert,eLCA Luftschicht (gemäß EN 15804+A2),1d0124d4-5a30-4501-a8dd-dbddbb1f8ec7,0.534087061882019
Lehmschüttung granuliert,eLCA Luftschicht (gemäß EN 15804+A2),1d0124d4-5a30-4501-a8dd-dbddbb1f8ec7,0.534087061882019
Lehmstein,eLCA Luftschicht (gemäß EN 15804+A1),41c5627a-4a1d-4e12-ac62-c1d4f1560fb9,0.34441080689430237
Lehmstein,eLCA Luftschicht (gemäß EN 15804+A1),41c5627a-4a1d-4e12-ac62-c1d4f1560fb9,0.34441080689430237
Lehmstein,eLCA Luftschicht (gemäß EN 15804+A1),41c5627a-4a1d-4e12-ac62-c1d4f1560fb9,0.34441080689430237
Stampflehmwand,"PE foil, dimpled",0dbca1ff-d043-408f-9511-6aeddf8e5f70,0.3738071024417877
Stampflehmwand,"PE foil, dimpled",0dbca1ff-d043-408f-9511-6aeddf8e5f70,0.3738071024417877
Stampflehmwand,"PE foil, dimpled",0dbca1ff-d043-408f-9511-6aeddf8e5f70,0.3738071024417877
Lehmschüttung granuliert mit CL-Nachweis ,eLCA Luftschicht (gemäß EN 15804+A2),1d0124d4-5a30-4501-a8dd-dbddbb1f8ec7,0.3906179666519165
Lehmschüttung granuliert mit CL-Nachweis ,eLCA Luftschicht (gemäß EN 15804+A2),1d0124d4-5a30-4501-a8dd-dbddbb1f8ec7,0.3906179666519165
Lehmschüttung granuliert mit CL-Nachweis ,eLCA Luftschicht (gemäß EN 15804+A2),1d0124d4-5a30-4501-a8dd-dbddbb1f8ec7,0.3906179666519165
Leichtlehm (Stroh-Lehm-Gemisch),eLCA Luftschicht (gemäß EN 15804+A1),41c5627a-4a1d-4e12-ac62-c1d4f1560fb9,0.47252577543258667
Leichtlehm (Stroh-Lehm-Gemisch),eLCA Luftschicht (gemäß EN 15804+A1),41c5627a-4a1d-4e12-ac62-c1d4f1560fb9,0.47252577543258667
Leichtlehm (Stroh-Lehm-Gemisch),eLCA Luftschicht (gemäß EN 15804+A1),41c5627a-4a1d-4e12-ac62-c1d4f1560fb9,0.47252577543258667
Leichtlehmputz,eLCA Luftschicht (gemäß EN 15804+A1),41c5627a-4a1d-4e12-ac62-c1d4f1560fb9,0.36290761828422546
Leichtlehmputz,eLCA Luftschicht (gemäß EN 15804+A1),41c5627a-4a1d-4e12-ac62-c1d4f1560fb9,0.36290761828422546
Leichtlehmputz,eLCA Luftschicht (gemäß EN 15804+A1),41c5627a-4a1d-4e12-ac62-c1d4f1560fb9,0.36290761828422546
"Lichtkuppel Aufsatzkranz, PP Schürze 30cm [kg/lfm]","Cork slab, 6 mm (generic)",4116031f-9ee7-4ac0-93e7-972c4b2de8a0,0.4269481897354126
"Lichtkuppel Aufsatzkranz, PP Schürze 30cm [kg/lfm]","Cork slab, 6 mm (generic)",4116031f-9ee7-4ac0-93e7-972c4b2de8a0,0.4269481897354126
"Lichtkuppel Aufsatzkranz, PP Schürze 30cm [kg/lfm]","Cork slab, 6 mm (generic)",4116031f-9ee7-4ac0-93e7-972c4b2de8a0,0.4269481897354126
Magnesiaestrich / Steinholzestrich,eLCA Luftschicht (gemäß EN 15804+A1),41c5627a-4a1d-4e12-ac62-c1d4f1560fb9,0.4377911686897278
Magnesiaestrich / Steinholzestrich,eLCA Luftschicht (gemäß EN 15804+A1),41c5627a-4a1d-4e12-ac62-c1d4f1560fb9,0.4377911686897278
Magnesiaestrich / Steinholzestrich,eLCA Luftschicht (gemäß EN 15804+A1),41c5627a-4a1d-4e12-ac62-c1d4f1560fb9,0.4377911686897278
PE Weichschaum,Linoleum,c3d7aef9-38a6-4d2a-a77f-2eee25461482,0.3954356908798218
PE Weichschaum,Linoleum,c3d7aef9-38a6-4d2a-a77f-2eee25461482,0.3954356908798218
PE Weichschaum,Linoleum,c3d7aef9-38a6-4d2a-a77f-2eee25461482,0.3954356908798218
PE-Drainageplatten,Sewer pipe PE-HD,cd5b784e-497d-4c76-abbd-d66867e1e986,0.6404778957366943
PE-Drainageplatten,Sewer pipe PE-HD,cd5b784e-497d-4c76-abbd-d66867e1e986,0.6404778957366943
PE-Drainageplatten,Sewer pipe PE-HD,cd5b784e-497d-4c76-abbd-d66867e1e986,0.6404778957366943
PVC-Dachbahnen,Sewer pipe PVC,e1f7f83b-6f6e-4ed8-a666-0d49682982e1,0.39791274070739746
PVC-Dachbahnen,Sewer pipe PVC,e1f7f83b-6f6e-4ed8-a666-0d49682982e1,0.39791274070739746
PVC-Dachbahnen,Sewer pipe PVC,e1f7f83b-6f6e-4ed8-a666-0d49682982e1,0.39791274070739746
Schafwolle (mit Flammschutzmittel),eLCA Luftschicht (gemäß EN 15804+A1),41c5627a-4a1d-4e12-ac62-c1d4f1560fb9,0.3384316861629486
Schafwolle (mit Flammschutzmittel),eLCA Luftschicht (gemäß EN 15804+A1),41c5627a-4a1d-4e12-ac62-c1d4f1560fb9,0.3384316861629486
Schafwolle (mit Flammschutzmittel),eLCA Luftschicht (gemäß EN 15804+A1),41c5627a-4a1d-4e12-ac62-c1d4f1560fb9,0.3384316861629486
Schafwolle (ohne Zusatzstoffe),eLCA Luftschicht (gemäß EN 15804+A2),1d0124d4-5a30-4501-a8dd-dbddbb1f8ec7,0.49926719069480896
Schafwolle (ohne Zusatzstoffe),eLCA Luftschicht (gemäß EN 15804+A2),1d0124d4-5a30-4501-a8dd-dbddbb1f8ec7,0.49926719069480896
Schafwolle (ohne Zusatzstoffe),eLCA Luftschicht (gemäß EN 15804+A2),1d0124d4-5a30-4501-a8dd-dbddbb1f8ec7,0.49926719069480896
Schaumglasgranulat Schüttung,Tetrafluoroethane (R134a),b47d86ac-60fa-46f7-ac5c-f98be4b7acdd,0.40122461318969727
Schaumglasgranulat Schüttung,Tetrafluoroethane (R134a),b47d86ac-60fa-46f7-ac5c-f98be4b7acdd,0.40122461318969727
Schaumglasgranulat Schüttung,Tetrafluoroethane (R134a),b47d86ac-60fa-46f7-ac5c-f98be4b7acdd,0.40122461318969727
Schilfrohrdämmmatte,Calcium sulfate screed,8e1613f4-ef3e-4f4e-b337-c755c08cad6b,0.469361275434494
Schilfrohrdämmmatte,Calcium sulfate screed,8e1613f4-ef3e-4f4e-b337-c755c08cad6b,0.469361275434494
Schilfrohrdämmmatte,Calcium sulfate screed,8e1613f4-ef3e-4f4e-b337-c755c08cad6b,0.469361275434494
Schilfrohrmatte (Putzträger),Calcium sulfate screed,8e1613f4-ef3e-4f4e-b337-c755c08cad6b,0.3766213655471802
Schilfrohrmatte (Putzträger),Calcium sulfate screed,8e1613f4-ef3e-4f4e-b337-c755c08cad6b,0.3766213655471802
Schilfrohrmatte (Putzträger),Calcium sulfate screed,8e1613f4-ef3e-4f4e-b337-c755c08cad6b,0.3766213655471802
"Splitt 2/8, dauerelastisch gebunden (Latex, sonstige Polymere)","Joint sealing strips, polyisobutylene",98e0caab-5f0b-452f-a3d2-4e0256a799f3,0.43962326645851135
"Splitt 2/8, dauerelastisch gebunden (Latex, sonstige Polymere)","Joint sealing strips, polyisobutylene",98e0caab-5f0b-452f-a3d2-4e0256a799f3,0.43962326645851135
"Splitt 2/8, dauerelastisch gebunden (Latex, sonstige Polymere)","Joint sealing strips, polyisobutylene",98e0caab-5f0b-452f-a3d2-4e0256a799f3,0.43962326645851135
Splittschüttung mineral. geb.,Gypsum stone (CaSO4-Dihydrate),fbd76e49-0fb1-47e0-abba-903ce1272684,0.40026646852493286
Splittschüttung mineral. geb.,Gypsum stone (CaSO4-Dihydrate),fbd76e49-0fb1-47e0-abba-903ce1272684,0.40026646852493286
Splittschüttung mineral. geb.,Gypsum stone (CaSO4-Dihydrate),fbd76e49-0fb1-47e0-abba-903ce1272684,0.40026646852493286
Splittschüttung mineral. geb.,Gypsum stone (CaSO4-Dihydrate),fbd76e49-0fb1-47e0-abba-903ce1272684,0.40026646852493286
Splittschüttung mineral. geb.,Gypsum stone (CaSO4-Dihydrate),fbd76e49-0fb1-47e0-abba-903ce1272684,0.40026646852493286
Splittschüttung mineral. geb.,Gypsum stone (CaSO4-Dihydrate),fbd76e49-0fb1-47e0-abba-903ce1272684,0.40026646852493286
Splittschüttung mineral. geb.,Gypsum stone (CaSO4-Dihydrate),fbd76e49-0fb1-47e0-abba-903ce1272684,0.40026646852493286
Splittschüttung mineral. geb.,Gypsum stone (CaSO4-Dihydrate),fbd76e49-0fb1-47e0-abba-903ce1272684,0.40026646852493286
Splittschüttung mineral. geb.,Gypsum stone (CaSO4-Dihydrate),fbd76e49-0fb1-47e0-abba-903ce1272684,0.40026646852493286
Wood-Plastic-Composites,3.2.09. Wood Plastic Composite (WPC) decking board,591b693f-8cfe-41fc-877d-68c730d9c31d,0.7375463843345642
Wood-Plastic-Composites,3.2.09. Wood Plastic Composite (WPC) decking board,591b693f-8cfe-41fc-877d-68c730d9c31d,0.7375463843345642
Wood-Plastic-Composites,3.2.09. Wood Plastic Composite (WPC) decking board,591b693f-8cfe-41fc-877d-68c730d9c31d,0.7375463843345642
