Specific_Name,Matched_Generic_Name,Generic_UUID,Score,Normalized_Score
Asphalttragschicht - Hochbau,Asphalt surface layer,d84cbf6a-0a50-426f-aa3d-c45918b43575,0.6347115635871887,0.7768491765754767
Asphalttragschicht - Hochbau,Asphalt surface layer,d84cbf6a-0a50-426f-aa3d-c45918b43575,0.6347115635871887,0.7768491765754767
Asphalttragschicht - Hochbau,Asphalt surface layer,d84cbf6a-0a50-426f-aa3d-c45918b43575,0.6347115635871887,0.7768491765754767
"Balkenschichtholz Nadelholz - unbeschichtet, naturbelassen",eLCA Luftschicht (gemäß EN 15804+A2),1d0124d4-5a30-4501-a8dd-dbddbb1f8ec7,0.4229274094104767,0.3172790810637808
"Balkenschichtholz Nadelholz - unbeschichtet, naturbelassen",eLCA Luftschicht (gemäß EN 15804+A2),1d0124d4-5a30-4501-a8dd-dbddbb1f8ec7,0.4229274094104767,0.3172790810637808
"Balkenschichtholz Nadelholz - unbeschichtet, naturbelassen",eLCA Luftschicht (gemäß EN 15804+A2),1d0124d4-5a30-4501-a8dd-dbddbb1f8ec7,0.4229274094104767,0.3172790810637808
Brettsperrholz,Gypsum (CaSO4 beta hemihydrate),ee840270-3055-428a-b38d-e7727426cc35,0.2935361862182617,0.03650105481350453
Brettsperrholz,Gypsum (CaSO4 beta hemihydrate),ee840270-3055-428a-b38d-e7727426cc35,0.2935361862182617,0.03650105481350453
Brettsperrholz,Gypsum (CaSO4 beta hemihydrate),ee840270-3055-428a-b38d-e7727426cc35,0.2935361862182617,0.03650105481350453
Konstruktionsvollholz - naturbelassen,eLCA Luftschicht (gemäß EN 15804+A2),1d0124d4-5a30-4501-a8dd-dbddbb1f8ec7,0.37885817885398865,0.2216491668489845
Konstruktionsvollholz - naturbelassen,eLCA Luftschicht (gemäß EN 15804+A2),1d0124d4-5a30-4501-a8dd-dbddbb1f8ec7,0.37885817885398865,0.2216491668489845
Konstruktionsvollholz - naturbelassen,eLCA Luftschicht (gemäß EN 15804+A2),1d0124d4-5a30-4501-a8dd-dbddbb1f8ec7,0.37885817885398865,0.2216491668489845
Beton - Carbonfasern / Textilbeton ,Carbon dioxide (R744),a5bb6444-74e1-43f7-8e7d-55aed1ac1b6e,0.39375612139701843,0.2539775953097613
Beton - Carbonfasern / Textilbeton ,Carbon dioxide (R744),a5bb6444-74e1-43f7-8e7d-55aed1ac1b6e,0.39375612139701843,0.2539775953097613
Beton - Carbonfasern / Textilbeton ,Carbon dioxide (R744),a5bb6444-74e1-43f7-8e7d-55aed1ac1b6e,0.39375612139701843,0.2539775953097613
Bitumenbahnen mit Alu oder Kupfer,"Bitumen emulsion (40% bitumen, 60% water)",a6b26cf9-3f9a-4abc-9412-87fdc0cdf3f6,0.47359350323677063,0.42722414125712194
Bitumenbahnen mit Alu oder Kupfer,"Bitumen emulsion (40% bitumen, 60% water)",a6b26cf9-3f9a-4abc-9412-87fdc0cdf3f6,0.47359350323677063,0.42722414125712194
Bitumenbahnen mit Alu oder Kupfer,"Bitumen emulsion (40% bitumen, 60% water)",a6b26cf9-3f9a-4abc-9412-87fdc0cdf3f6,0.47359350323677063,0.42722414125712194
Polymer-Bitumenabdichtungsbahn,5.3.01. Plastic-modified bitumen thick coating,85c48e5f-299c-463b-9aaf-da332a29dfe0,0.5916318297386169,0.6833664631195537
Polymer-Bitumenabdichtungsbahn,5.3.01. Plastic-modified bitumen thick coating,85c48e5f-299c-463b-9aaf-da332a29dfe0,0.5916318297386169,0.6833664631195537
Polymer-Bitumenabdichtungsbahn,5.3.01. Plastic-modified bitumen thick coating,85c48e5f-299c-463b-9aaf-da332a29dfe0,0.5916318297386169,0.6833664631195537
Elastomer-Dachbahnen,eLCA Luftschicht (gemäß EN 15804+A1),41c5627a-4a1d-4e12-ac62-c1d4f1560fb9,0.40584632754325867,0.28021325592839075
Elastomer-Dachbahnen,eLCA Luftschicht (gemäß EN 15804+A1),41c5627a-4a1d-4e12-ac62-c1d4f1560fb9,0.40584632754325867,0.28021325592839075
Elastomer-Dachbahnen,eLCA Luftschicht (gemäß EN 15804+A1),41c5627a-4a1d-4e12-ac62-c1d4f1560fb9,0.40584632754325867,0.28021325592839075
PIB-Dachbahnen (Polyisobutylen),Polybutadiene pipe,83a21998-b507-429e-bbe3-b5629e601138,0.51982581615448,0.5275479286807546
PIB-Dachbahnen (Polyisobutylen),Polybutadiene pipe,83a21998-b507-429e-bbe3-b5629e601138,0.51982581615448,0.5275479286807546
PIB-Dachbahnen (Polyisobutylen),Polybutadiene pipe,83a21998-b507-429e-bbe3-b5629e601138,0.51982581615448,0.5275479286807546
PP-/PE Folie,PE/PP fleece,95a4f4b3-b354-4e2c-9046-0a36175cd768,0.6232413053512573,0.7519587984755535
PP-/PE Folie,PE/PP fleece,95a4f4b3-b354-4e2c-9046-0a36175cd768,0.6232413053512573,0.7519587984755535
PP-/PE Folie,PE/PP fleece,95a4f4b3-b354-4e2c-9046-0a36175cd768,0.6232413053512573,0.7519587984755535
Blähglasgranulatplatte,Tetrafluoropropene (R1234ze),b3875fa1-4d62-40dc-ab2d-68fe1fbaf352,0.38834360241889954,0.2422324679493004
Blähglasgranulatplatte,Tetrafluoropropene (R1234ze),b3875fa1-4d62-40dc-ab2d-68fe1fbaf352,0.38834360241889954,0.2422324679493004
Blähglasgranulatplatte,Tetrafluoropropene (R1234ze),b3875fa1-4d62-40dc-ab2d-68fe1fbaf352,0.38834360241889954,0.2422324679493004
Blähperlit-Platten,Kraft paper,b1ea7c10-4471-4485-95bf-7dc0a00025b6,0.3213152587413788,0.09678144293934594
Blähperlit-Platten,Kraft paper,b1ea7c10-4471-4485-95bf-7dc0a00025b6,0.3213152587413788,0.09678144293934594
Blähperlit-Platten,Kraft paper,b1ea7c10-4471-4485-95bf-7dc0a00025b6,0.3213152587413788,0.09678144293934594
DFF: Alu-Kunststoff-Komposit [kg/m² Rahmen],"Lime (CaO, Finelime)",d63868d0-5a54-40fd-ad33-5eee2b0228e1,0.4213005602359772,0.3137488300239224
DFF: Alu-Kunststoff-Komposit [kg/m² Rahmen],"Lime (CaO, Finelime)",d1d6f54d-9709-4302-8276-fdb7d06801fd,0.4213005602359772,0.3137488300239224
DFF: Alu-Kunststoff-Komposit [kg/m² Rahmen],"Lime (CaO, Finelime)",d1d6f54d-9709-4302-8276-fdb7d06801fd,0.4213005602359772,0.3137488300239224
DFF: Kunststoffrahmen PVC  [kg/m² Rahmen],PVC Plastisol,0e39587e-8c05-4a8e-80b5-bb9a57bbe164,0.41536203026771545,0.30086226258773974
DFF: Kunststoffrahmen PVC  [kg/m² Rahmen],PVC Plastisol,0e39587e-8c05-4a8e-80b5-bb9a57bbe164,0.41536203026771545,0.30086226258773974
DFF: Kunststoffrahmen PVC  [kg/m² Rahmen],PVC Plastisol,0e39587e-8c05-4a8e-80b5-bb9a57bbe164,0.41536203026771545,0.30086226258773974
Kunststoffrahmen PVC mit Aludeckschale [kg/m² Rahmen],CR profile (chloroprene rubber),208395ce-85db-4ec3-ab24-8e5920f58077,0.3392283320426941,0.13565268351915094
Kunststoffrahmen PVC mit Aludeckschale [kg/m² Rahmen],CR profile (chloroprene rubber),208395ce-85db-4ec3-ab24-8e5920f58077,0.3392283320426941,0.13565268351915094
Kunststoffrahmen PVC mit Aludeckschale [kg/m² Rahmen],CR profile (chloroprene rubber),208395ce-85db-4ec3-ab24-8e5920f58077,0.3392283320426941,0.13565268351915094
DFF: Alu-Holz-Komposit-Rahmen [kg/m² Rahmen],Linoleum,c3d7aef9-38a6-4d2a-a77f-2eee25461482,0.37565499544143677,0.21469828181903253
DFF: Alu-Holz-Komposit-Rahmen [kg/m² Rahmen],Linoleum,c3d7aef9-38a6-4d2a-a77f-2eee25461482,0.37565499544143677,0.21469828181903253
DFF: Alu-Holz-Komposit-Rahmen [kg/m² Rahmen],Linoleum,c3d7aef9-38a6-4d2a-a77f-2eee25461482,0.37565499544143677,0.21469828181903253
"Holzrahmen Fichte mit Aludeckschale [kg/m² Rahmen] t=0,088 ",Linoleum,c3d7aef9-38a6-4d2a-a77f-2eee25461482,0.34013810753822327,0.13762688981895596
"Holzrahmen Fichte mit Aludeckschale [kg/m² Rahmen] t=0,088 ",Linoleum,c3d7aef9-38a6-4d2a-a77f-2eee25461482,0.34013810753822327,0.13762688981895596
"Holzrahmen Fichte mit Aludeckschale [kg/m² Rahmen] t=0,088 ",Linoleum,c3d7aef9-38a6-4d2a-a77f-2eee25461482,0.34013810753822327,0.13762688981895596
"Holzrahmen Lärche mit Aludeckschale [kg/m² Rahmen] t=0,088 ",Linoleum,c3d7aef9-38a6-4d2a-a77f-2eee25461482,0.38169631361961365,0.22780789893346814
"Holzrahmen Lärche mit Aludeckschale [kg/m² Rahmen] t=0,088 ",Linoleum,c3d7aef9-38a6-4d2a-a77f-2eee25461482,0.38169631361961365,0.22780789893346814
"Holzrahmen Lärche mit Aludeckschale [kg/m² Rahmen] t=0,088 ",Linoleum,c3d7aef9-38a6-4d2a-a77f-2eee25461482,0.38169631361961365,0.22780789893346814
"Holzrahmen PH mit Aludeckschale [kg/m² Rahmen] t=0,155 ",Gypsum (CaSO4 beta hemihydrate),ee840270-3055-428a-b38d-e7727426cc35,0.32324472069740295,0.1009683615445799
"Holzrahmen PH mit Aludeckschale [kg/m² Rahmen] t=0,155 ",Gypsum (CaSO4 beta hemihydrate),ee840270-3055-428a-b38d-e7727426cc35,0.32324472069740295,0.1009683615445799
"Holzrahmen PH mit Aludeckschale [kg/m² Rahmen] t=0,155 ",Gypsum (CaSO4 beta hemihydrate),ee840270-3055-428a-b38d-e7727426cc35,0.32324472069740295,0.1009683615445799
DFF: Alu-Holz-Komposit-Rahmen [kg/m² Rahmen] ohne HSM,Use - 1 kWh of final energy from gas low-temperature (according to GEG),a0318d13-5658-4f05-bdf6-a2c2ce410e04,0.3642835021018982,0.1900222228358765
DFF: Alu-Holz-Komposit-Rahmen [kg/m² Rahmen] ohne HSM,Use - 1 kWh of final energy from gas low-temperature (according to GEG),e7f3ae4f-5a85-41ac-9f47-5a5afa2e2312,0.3642835021018982,0.1900222228358765
DFF: Alu-Holz-Komposit-Rahmen [kg/m² Rahmen] ohne HSM,Use - 1 kWh of final energy from gas low-temperature (according to EnEV),e58a3c28-4818-43e3-9e72-f08267926613,0.35397425293922424,0.16765122609742025
"Holzrahmen Fichte mit Aludeckschale [kg/m² Rahmen] t=0,088 ohne HSM",eLCA Luftschicht (gemäß EN 15804+A2),1d0124d4-5a30-4501-a8dd-dbddbb1f8ec7,0.33755019307136536,0.13201113398805647
"Holzrahmen Fichte mit Aludeckschale [kg/m² Rahmen] t=0,088 ohne HSM",eLCA Luftschicht (gemäß EN 15804+A2),1d0124d4-5a30-4501-a8dd-dbddbb1f8ec7,0.33755019307136536,0.13201113398805647
"Holzrahmen Fichte mit Aludeckschale [kg/m² Rahmen] t=0,088 ohne HSM",eLCA Luftschicht (gemäß EN 15804+A2),1d0124d4-5a30-4501-a8dd-dbddbb1f8ec7,0.33755019307136536,0.13201113398805647
"Holzrahmen Lärche mit Aludeckschale [kg/m² Rahmen] t=0,088 ohne HSM",eLCA Luftschicht (gemäß EN 15804+A2),1d0124d4-5a30-4501-a8dd-dbddbb1f8ec7,0.36740782856941223,0.19680198886070893
"Holzrahmen Lärche mit Aludeckschale [kg/m² Rahmen] t=0,088 ohne HSM",eLCA Luftschicht (gemäß EN 15804+A2),1d0124d4-5a30-4501-a8dd-dbddbb1f8ec7,0.36740782856941223,0.19680198886070893
"Holzrahmen Lärche mit Aludeckschale [kg/m² Rahmen] t=0,088 ohne HSM",eLCA Luftschicht (gemäß EN 15804+A2),1d0124d4-5a30-4501-a8dd-dbddbb1f8ec7,0.36740782856941223,0.19680198886070893
"Holzrahmen PH mit Aludeckschale [kg/m² Rahmen] t=0,155 ohne HSM",Gypsum (CaSO4 beta hemihydrate),ee840270-3055-428a-b38d-e7727426cc35,0.3176037073135376,0.0887274029625576
"Holzrahmen PH mit Aludeckschale [kg/m² Rahmen] t=0,155 ohne HSM",Gypsum (CaSO4 beta hemihydrate),ee840270-3055-428a-b38d-e7727426cc35,0.3176037073135376,0.0887274029625576
"Holzrahmen PH mit Aludeckschale [kg/m² Rahmen] t=0,155 ohne HSM",Gypsum (CaSO4 beta hemihydrate),ee840270-3055-428a-b38d-e7727426cc35,0.3176037073135376,0.0887274029625576
"DFF: Holzrahmen Fichte, beschichtet [kg/m² Rahmen]",eLCA Luftschicht (gemäß EN 15804+A2),1d0124d4-5a30-4501-a8dd-dbddbb1f8ec7,0.4823904037475586,0.44631335226852
"DFF: Holzrahmen Fichte, beschichtet [kg/m² Rahmen]",eLCA Luftschicht (gemäß EN 15804+A2),1d0124d4-5a30-4501-a8dd-dbddbb1f8ec7,0.4823904037475586,0.44631335226852
"DFF: Holzrahmen Fichte, beschichtet [kg/m² Rahmen]",eLCA Luftschicht (gemäß EN 15804+A2),1d0124d4-5a30-4501-a8dd-dbddbb1f8ec7,0.4823904037475586,0.44631335226852
"DFF: Holzrahmen Lärche, beschichtet [kg/m² Rahmen]",eLCA Luftschicht (gemäß EN 15804+A2),1d0124d4-5a30-4501-a8dd-dbddbb1f8ec7,0.48333069682121277,0.44835378149396465
"DFF: Holzrahmen Lärche, beschichtet [kg/m² Rahmen]",eLCA Luftschicht (gemäß EN 15804+A2),1d0124d4-5a30-4501-a8dd-dbddbb1f8ec7,0.48333069682121277,0.44835378149396465
"DFF: Holzrahmen Lärche, beschichtet [kg/m² Rahmen]",eLCA Luftschicht (gemäß EN 15804+A2),1d0124d4-5a30-4501-a8dd-dbddbb1f8ec7,0.48333069682121277,0.44835378149396465
OSB Platte,Chipboard (generic),07a8b3de-9406-4184-bb6e-c9208983c868,0.41666197776794434,0.3036831393391793
OSB Platte,Chipboard (generic),07a8b3de-9406-4184-bb6e-c9208983c868,0.41666197776794434,0.3036831393391793
OSB Platte,Chipboard (generic),07a8b3de-9406-4184-bb6e-c9208983c868,0.41666197776794434,0.3036831393391793
Mineralwolle (Boden-Dämmung),Gypsum stone (CaSO4-Dihydrate),fbd76e49-0fb1-47e0-abba-903ce1272684,0.4380834102630615,0.35016749420533233
Mineralwolle (Boden-Dämmung),Gypsum stone (CaSO4-Dihydrate),fbd76e49-0fb1-47e0-abba-903ce1272684,0.4380834102630615,0.35016749420533233
Mineralwolle (Boden-Dämmung),Gypsum stone (CaSO4-Dihydrate),fbd76e49-0fb1-47e0-abba-903ce1272684,0.4380834102630615,0.35016749420533233
Mineralwolle (Fassaden-Dämmung),Gypsum stone (CaSO4-Dihydrate),fbd76e49-0fb1-47e0-abba-903ce1272684,0.4923444986343384,0.46791366677568014
Mineralwolle (Fassaden-Dämmung),Gypsum stone (CaSO4-Dihydrate),fbd76e49-0fb1-47e0-abba-903ce1272684,0.4923444986343384,0.46791366677568014
Mineralwolle (Fassaden-Dämmung),Gypsum stone (CaSO4-Dihydrate),fbd76e49-0fb1-47e0-abba-903ce1272684,0.4923444986343384,0.46791366677568014
Mineralwolle (Flachdach-Dämmung),Gypsum stone (CaSO4-Dihydrate),fbd76e49-0fb1-47e0-abba-903ce1272684,0.4145781397819519,0.2991612258561981
Mineralwolle (Flachdach-Dämmung),Gypsum stone (CaSO4-Dihydrate),fbd76e49-0fb1-47e0-abba-903ce1272684,0.4145781397819519,0.2991612258561981
Mineralwolle (Flachdach-Dämmung),Gypsum stone (CaSO4-Dihydrate),fbd76e49-0fb1-47e0-abba-903ce1272684,0.4145781397819519,0.2991612258561981
Mineralwolle (Innenausbau-Dämmung),Gypsum stone (CaSO4-Dihydrate),fbd76e49-0fb1-47e0-abba-903ce1272684,0.4148707687854767,0.299796228694924
Mineralwolle (Innenausbau-Dämmung),Gypsum stone (CaSO4-Dihydrate),fbd76e49-0fb1-47e0-abba-903ce1272684,0.4148707687854767,0.299796228694924
Mineralwolle (Innenausbau-Dämmung),Gypsum stone (CaSO4-Dihydrate),fbd76e49-0fb1-47e0-abba-903ce1272684,0.4148707687854767,0.299796228694924
Mineralwolle (Schrägdach-Dämmung),Gypsum stone (CaSO4-Dihydrate),fbd76e49-0fb1-47e0-abba-903ce1272684,0.4540608823299408,0.3848384939897845
Mineralwolle (Schrägdach-Dämmung),Gypsum stone (CaSO4-Dihydrate),fbd76e49-0fb1-47e0-abba-903ce1272684,0.4540608823299408,0.3848384939897845
Mineralwolle (Schrägdach-Dämmung),Gypsum stone (CaSO4-Dihydrate),fbd76e49-0fb1-47e0-abba-903ce1272684,0.4540608823299408,0.3848384939897845
EPS-Hartschaumdämmung - Sz. Creasolv,eLCA Luftschicht (gemäß EN 15804+A1),41c5627a-4a1d-4e12-ac62-c1d4f1560fb9,0.3447408974170685,0.14761491084188932
EPS-Hartschaumdämmung - Sz. Creasolv,eLCA Luftschicht (gemäß EN 15804+A1),41c5627a-4a1d-4e12-ac62-c1d4f1560fb9,0.3447408974170685,0.14761491084188932
EPS-Hartschaumdämmung - Sz. Creasolv,eLCA Luftschicht (gemäß EN 15804+A1),41c5627a-4a1d-4e12-ac62-c1d4f1560fb9,0.3447408974170685,0.14761491084188932
EPS-Hartschaumdämmung - Sz. Verbrennung,eLCA Luftschicht (gemäß EN 15804+A2),1d0124d4-5a30-4501-a8dd-dbddbb1f8ec7,0.2891768217086792,0.027041265095868357
EPS-Hartschaumdämmung - Sz. Verbrennung,eLCA Luftschicht (gemäß EN 15804+A2),1d0124d4-5a30-4501-a8dd-dbddbb1f8ec7,0.2891768217086792,0.027041265095868357
EPS-Hartschaumdämmung - Sz. Verbrennung,eLCA Luftschicht (gemäß EN 15804+A2),1d0124d4-5a30-4501-a8dd-dbddbb1f8ec7,0.2891768217086792,0.027041265095868357
Schüttung aus Polystyrolschaumstoff-Partikeln (ohne Bindemittel),Tetrafluoroethane (R134a),b47d86ac-60fa-46f7-ac5c-f98be4b7acdd,0.3729074001312256,0.20873601970338984
Schüttung aus Polystyrolschaumstoff-Partikeln (ohne Bindemittel),Tetrafluoroethane (R134a),b47d86ac-60fa-46f7-ac5c-f98be4b7acdd,0.3729074001312256,0.20873601970338984
Schüttung aus Polystyrolschaumstoff-Partikeln (ohne Bindemittel),Tetrafluoroethane (R134a),b47d86ac-60fa-46f7-ac5c-f98be4b7acdd,0.3729074001312256,0.20873601970338984
"Innentür Metallzarge lackiert, Gewicht/lfm, d (IW)=10cm","Cork slab, 8 mm (generic)",717cc09a-e2c5-48fb-913e-24b54fc5e851,0.48005232214927673,0.44123973197046895
"Innentür Metallzarge lackiert, Gewicht/lfm, d (IW)=10cm","Cork slab, 8 mm (generic)",717cc09a-e2c5-48fb-913e-24b54fc5e851,0.48005232214927673,0.44123973197046895
"Innentür Metallzarge lackiert, Gewicht/lfm, d (IW)=10cm","Cork slab, 8 mm (generic)",717cc09a-e2c5-48fb-913e-24b54fc5e851,0.48005232214927673,0.44123973197046895
"Innentür Metallzarge lackiert, Gewicht/lfm, d (IW)=20cm","Cork slab, 6 mm (generic)",4116031f-9ee7-4ac0-93e7-972c4b2de8a0,0.4887423813343048,0.46009709807130256
"Innentür Metallzarge lackiert, Gewicht/lfm, d (IW)=20cm","Cork slab, 6 mm (generic)",4116031f-9ee7-4ac0-93e7-972c4b2de8a0,0.4887423813343048,0.46009709807130256
"Innentür Metallzarge lackiert, Gewicht/lfm, d (IW)=20cm","Cork slab, 6 mm (generic)",4116031f-9ee7-4ac0-93e7-972c4b2de8a0,0.4887423813343048,0.46009709807130256
"Innentür Metallzarge lackiert, Gewicht/Stk, d (IW)=10cm, Türlichte 0,9 x 2,0","Cork slab, 8 mm (generic)",717cc09a-e2c5-48fb-913e-24b54fc5e851,0.4457271993160248,0.36675446162410563
"Innentür Metallzarge lackiert, Gewicht/Stk, d (IW)=10cm, Türlichte 0,9 x 2,0","Cork slab, 8 mm (generic)",717cc09a-e2c5-48fb-913e-24b54fc5e851,0.4457271993160248,0.36675446162410563
"Innentür Metallzarge lackiert, Gewicht/Stk, d (IW)=10cm, Türlichte 0,9 x 2,0","Cork slab, 8 mm (generic)",717cc09a-e2c5-48fb-913e-24b54fc5e851,0.4457271993160248,0.36675446162410563
"Innentür Metallzarge lackiert, Gewicht/Stk, d (IW)=20cm, Türlichte 0,9 x 2,0","Cork slab, (thickness 0.006 m)",38babeb7-2b2f-42e2-9270-0daac46ebe07,0.4489150047302246,0.3736719765079345
"Innentür Metallzarge lackiert, Gewicht/Stk, d (IW)=20cm, Türlichte 0,9 x 2,0","Cork slab, (thickness 0.006 m)",38babeb7-2b2f-42e2-9270-0daac46ebe07,0.4489150047302246,0.3736719765079345
"Innentür Metallzarge lackiert, Gewicht/Stk, d (IW)=20cm, Türlichte 0,9 x 2,0","Cork slab, (thickness 0.006 m)",38babeb7-2b2f-42e2-9270-0daac46ebe07,0.4489150047302246,0.3736719765079345
Hanfdämmplatte (druckbelastet),Gypsum (CaSO4 beta hemihydrate),ee840270-3055-428a-b38d-e7727426cc35,0.37607020139694214,0.2155992757643558
Hanfdämmplatte (druckbelastet),Gypsum (CaSO4 beta hemihydrate),ee840270-3055-428a-b38d-e7727426cc35,0.37607020139694214,0.2155992757643558
Hanfdämmplatte (druckbelastet),Gypsum (CaSO4 beta hemihydrate),ee840270-3055-428a-b38d-e7727426cc35,0.37607020139694214,0.2155992757643558
Hanfdämmplatte (nicht druckbelastet),Gypsum (CaSO4 beta hemihydrate),ee840270-3055-428a-b38d-e7727426cc35,0.3566829264163971,0.17352902811454213
Hanfdämmplatte (nicht druckbelastet),Gypsum (CaSO4 beta hemihydrate),ee840270-3055-428a-b38d-e7727426cc35,0.3566829264163971,0.17352902811454213
Hanfdämmplatte (nicht druckbelastet),Gypsum (CaSO4 beta hemihydrate),ee840270-3055-428a-b38d-e7727426cc35,0.3566829264163971,0.17352902811454213
Gips-Kalk-Putz auf Massivbaustoff,Pumice stone (SFK-4),8f44840b-28ae-418b-bf12-fcac5b7c68b3,0.4379725456237793,0.3499269187332822
Gips-Kalk-Putz auf Massivbaustoff,Pumice stone (SFK-4),8f44840b-28ae-418b-bf12-fcac5b7c68b3,0.4379725456237793,0.3499269187332822
Gips-Kalk-Putz auf Massivbaustoff,Pumice stone (SFK-4),8f44840b-28ae-418b-bf12-fcac5b7c68b3,0.4379725456237793,0.3499269187332822
Gipsputz (innen),Polybutadiene pipe,83a21998-b507-429e-bbe3-b5629e601138,0.3014930486679077,0.05376738925751619
Gipsputz (innen),Polybutadiene pipe,83a21998-b507-429e-bbe3-b5629e601138,0.3014930486679077,0.05376738925751619
Gipsputz (innen),Polybutadiene pipe,83a21998-b507-429e-bbe3-b5629e601138,0.3014930486679077,0.05376738925751619
Kalk-Gips-Innenputz auf Massivbaustoff,Pumice stone (SFK-4),8f44840b-28ae-418b-bf12-fcac5b7c68b3,0.3975042998790741,0.2621111157314823
Kalk-Gips-Innenputz auf Massivbaustoff,Pumice stone (SFK-4),8f44840b-28ae-418b-bf12-fcac5b7c68b3,0.3975042998790741,0.2621111157314823
Kalk-Gips-Innenputz auf Massivbaustoff,Pumice stone (SFK-4),8f44840b-28ae-418b-bf12-fcac5b7c68b3,0.3975042998790741,0.2621111157314823
Glaskeramik-Tafeln (Fassade),eLCA Luftschicht (gemäß EN 15804+A2),1d0124d4-5a30-4501-a8dd-dbddbb1f8ec7,0.4010619521141052,0.2698311955637366
Glaskeramik-Tafeln (Fassade),eLCA Luftschicht (gemäß EN 15804+A2),1d0124d4-5a30-4501-a8dd-dbddbb1f8ec7,0.4010619521141052,0.2698311955637366
Glaskeramik-Tafeln (Fassade),eLCA Luftschicht (gemäß EN 15804+A2),1d0124d4-5a30-4501-a8dd-dbddbb1f8ec7,0.4010619521141052,0.2698311955637366
Hartholzfaser-Platten,Kraft paper,b1ea7c10-4471-4485-95bf-7dc0a00025b6,0.4070923328399658,0.28291707848509623
Hartholzfaser-Platten,Kraft paper,b1ea7c10-4471-4485-95bf-7dc0a00025b6,0.4070923328399658,0.28291707848509623
Hartholzfaser-Platten,Kraft paper,b1ea7c10-4471-4485-95bf-7dc0a00025b6,0.4070923328399658,0.28291707848509623
HDF-Platte,PE-HD with PP fleece zur sealing,900336a3-b5f9-4c40-91a9-f9551f84ac64,0.37975427508354187,0.22359368923973819
HDF-Platte,PE-HD with PP fleece zur sealing,900336a3-b5f9-4c40-91a9-f9551f84ac64,0.37975427508354187,0.22359368923973819
HDF-Platte,PE-HD with PP fleece zur sealing,900336a3-b5f9-4c40-91a9-f9551f84ac64,0.37975427508354187,0.22359368923973819
MDF-Platte,Kraft paper,b1ea7c10-4471-4485-95bf-7dc0a00025b6,0.3610396385192871,0.18298306212868032
MDF-Platte,Kraft paper,b1ea7c10-4471-4485-95bf-7dc0a00025b6,0.3610396385192871,0.18298306212868032
MDF-Platte,Kraft paper,b1ea7c10-4471-4485-95bf-7dc0a00025b6,0.3610396385192871,0.18298306212868032
"Hochlochziegel (hochporosiert), ohne Mörtel / Kleb.",Anhydrite (CaSO4),96045987-0862-4f29-b4ec-798c2e14f23a,0.2999064326286316,0.05032444383251472
"Hochlochziegel (hochporosiert), ohne Mörtel / Kleb.",Anhydrite (CaSO4),40355b42-e78f-4a8d-b351-786eca37d791,0.2999064326286316,0.05032444383251472
"Hochlochziegel (hochporosiert), ohne Mörtel / Kleb.",Anhydrite (CaSO4),839771be-ab23-4873-8b14-b2aa0f6ce9d9,0.2999064326286316,0.05032444383251472
"Hochlochziegel mineralisch gefüllt, ohne Mörtel / Kleb.",Anhydrite (CaSO4),96045987-0862-4f29-b4ec-798c2e14f23a,0.4050920009613037,0.2785763726560625
"Hochlochziegel mineralisch gefüllt, ohne Mörtel / Kleb.",Anhydrite (CaSO4),40355b42-e78f-4a8d-b351-786eca37d791,0.4050920009613037,0.2785763726560625
"Hochlochziegel mineralisch gefüllt, ohne Mörtel / Kleb.",Anhydrite (CaSO4),839771be-ab23-4873-8b14-b2aa0f6ce9d9,0.4050920009613037,0.2785763726560625
Holzdielenboden - unproblem. Beschichtet,eLCA Luftschicht (gemäß EN 15804+A2),1d0124d4-5a30-4501-a8dd-dbddbb1f8ec7,0.45130494236946106,0.3788581240429122
Holzdielenboden - unproblem. Beschichtet,eLCA Luftschicht (gemäß EN 15804+A2),1d0124d4-5a30-4501-a8dd-dbddbb1f8ec7,0.45130494236946106,0.3788581240429122
Holzdielenboden - unproblem. Beschichtet,eLCA Luftschicht (gemäß EN 15804+A2),1d0124d4-5a30-4501-a8dd-dbddbb1f8ec7,0.45130494236946106,0.3788581240429122
"Innentür (Pappe mit Wabenstruktur), Fl.gew.8 kg/m², laminiert oder lackiert ","Natural stone slab, flexible, indoor usage, thickness 20 mm",98c9f1b8-ff8c-4089-bd94-ec58b3fa1bf5,0.38847512006759644,0.24251786030364375
"Innentür (Pappe mit Wabenstruktur), Fl.gew.8 kg/m², laminiert oder lackiert ","Natural stone slab, flexible, indoor usage, thickness 20 mm",98c9f1b8-ff8c-4089-bd94-ec58b3fa1bf5,0.38847512006759644,0.24251786030364375
"Innentür (Pappe mit Wabenstruktur), Fl.gew.8 kg/m², laminiert oder lackiert ","Natural stone slab, flexible, indoor usage, thickness 20 mm",98c9f1b8-ff8c-4089-bd94-ec58b3fa1bf5,0.38847512006759644,0.24251786030364375
"Innentür (Röhrenspanplatte), Fl.gew.15 kg/m², laminiert oder lackiert ",Linoleum (thickness 0.0025 m),56e977b3-d042-4843-b40d-3a33dbb5a555,0.40805721282958984,0.2850108611418423
"Innentür (Röhrenspanplatte), Fl.gew.15 kg/m², laminiert oder lackiert ",Linoleum (thickness 0.0025 m),56e977b3-d042-4843-b40d-3a33dbb5a555,0.40805721282958984,0.2850108611418423
"Innentür (Röhrenspanplatte), Fl.gew.15 kg/m², laminiert oder lackiert ",Linoleum (thickness 0.0025 m),56e977b3-d042-4843-b40d-3a33dbb5a555,0.40805721282958984,0.2850108611418423
"Innentür (Röhrenspanstreifen), Fl.gew.12 kg/m², laminiert oder lackiert ","Acetylated wood (1 m³, 510 kg/m³)",3b1f0c75-07a4-4182-b310-5529fc5b54a6,0.3699547350406647,0.20232875763528022
"Innentür (Röhrenspanstreifen), Fl.gew.12 kg/m², laminiert oder lackiert ","Acetylated wood (1 m³, 510 kg/m³)",3b1f0c75-07a4-4182-b310-5529fc5b54a6,0.3699547350406647,0.20232875763528022
"Innentür (Röhrenspanstreifen), Fl.gew.12 kg/m², laminiert oder lackiert ","Acetylated wood (1 m³, 510 kg/m³)",3b1f0c75-07a4-4182-b310-5529fc5b54a6,0.3699547350406647,0.20232875763528022
"Innentür (Vollspanplatte), Fl.gew.23 kg/m², laminiert oder lackiert","Natural stone slab, flexible, indoor usage, thickness 20 mm",98c9f1b8-ff8c-4089-bd94-ec58b3fa1bf5,0.42542654275894165,0.3227021825045627
"Innentür (Vollspanplatte), Fl.gew.23 kg/m², laminiert oder lackiert","Natural stone slab, flexible, indoor usage, thickness 20 mm",98c9f1b8-ff8c-4089-bd94-ec58b3fa1bf5,0.42542654275894165,0.3227021825045627
"Innentür (Vollspanplatte), Fl.gew.23 kg/m², laminiert oder lackiert","Natural stone slab, flexible, indoor usage, thickness 20 mm",98c9f1b8-ff8c-4089-bd94-ec58b3fa1bf5,0.42542654275894165,0.3227021825045627
"Innentür (Vollspanplatte), Fl.gew.34 kg/m², laminiert oder lackiert","Natural stone slab, flexible, indoor usage, thickness 20 mm",98c9f1b8-ff8c-4089-bd94-ec58b3fa1bf5,0.4132164716720581,0.2962064158244854
"Innentür (Vollspanplatte), Fl.gew.34 kg/m², laminiert oder lackiert","Natural stone slab, flexible, indoor usage, thickness 20 mm",98c9f1b8-ff8c-4089-bd94-ec58b3fa1bf5,0.4132164716720581,0.2962064158244854
"Innentür (Vollspanplatte), Fl.gew.34 kg/m², laminiert oder lackiert","Natural stone slab, flexible, indoor usage, thickness 20 mm",98c9f1b8-ff8c-4089-bd94-ec58b3fa1bf5,0.4132164716720581,0.2962064158244854
"Innentür Massivholz, lackiert, Fl.gewicht 12 kg/m²","Cork slab, 6 mm (generic)",4116031f-9ee7-4ac0-93e7-972c4b2de8a0,0.3898899555206299,0.24558804308861915
"Innentür Massivholz, lackiert, Fl.gewicht 12 kg/m²","Cork slab, 6 mm (generic)",4116031f-9ee7-4ac0-93e7-972c4b2de8a0,0.3898899555206299,0.24558804308861915
"Innentür Massivholz, lackiert, Fl.gewicht 12 kg/m²","Cork slab, 6 mm (generic)",4116031f-9ee7-4ac0-93e7-972c4b2de8a0,0.3898899555206299,0.24558804308861915
"Innentür Massivholz, unbehandelt oder geölt, Fl.gew. 12 kg/m²",eLCA Luftschicht (gemäß EN 15804+A1),41c5627a-4a1d-4e12-ac62-c1d4f1560fb9,0.3959224224090576,0.25867845296778624
"Innentür Massivholz, unbehandelt oder geölt, Fl.gew. 12 kg/m²",eLCA Luftschicht (gemäß EN 15804+A1),41c5627a-4a1d-4e12-ac62-c1d4f1560fb9,0.3959224224090576,0.25867845296778624
"Innentür Massivholz, unbehandelt oder geölt, Fl.gew. 12 kg/m²",eLCA Luftschicht (gemäß EN 15804+A1),41c5627a-4a1d-4e12-ac62-c1d4f1560fb9,0.3959224224090576,0.25867845296778624
Leichtputz mineralisch (mineral. Untergrund),Anhydrite (CaSO4),96045987-0862-4f29-b4ec-798c2e14f23a,0.4799119830131531,0.44093519705168294
Leichtputz mineralisch (mineral. Untergrund),Anhydrite (CaSO4),40355b42-e78f-4a8d-b351-786eca37d791,0.4799119830131531,0.44093519705168294
Leichtputz mineralisch (mineral. Untergrund),Anhydrite (CaSO4),839771be-ab23-4873-8b14-b2aa0f6ce9d9,0.4799119830131531,0.44093519705168294
Silikat-Dispersionsputz (mineral. Untergrund),Primer (Silicate dispersion),d6dc8844-4d8a-4abe-8ce9-db39c965f5bf,0.5352664589881897,0.5610540128797123
Silikat-Dispersionsputz (mineral. Untergrund),Primer (Silicate dispersion),d6dc8844-4d8a-4abe-8ce9-db39c965f5bf,0.5352664589881897,0.5610540128797123
Silikat-Dispersionsputz (mineral. Untergrund),Primer (Silicate dispersion),d6dc8844-4d8a-4abe-8ce9-db39c965f5bf,0.5352664589881897,0.5610540128797123
Silikatputz,"PE foil, dimpled",0dbca1ff-d043-408f-9511-6aeddf8e5f70,0.27671536803245544,0.0
Silikatputz,"PE foil, dimpled",0dbca1ff-d043-408f-9511-6aeddf8e5f70,0.27671536803245544,0.0
Silikatputz,"PE foil, dimpled",0dbca1ff-d043-408f-9511-6aeddf8e5f70,0.27671536803245544,0.0
Silikonharzputz,eLCA Luftschicht (gemäß EN 15804+A2),1d0124d4-5a30-4501-a8dd-dbddbb1f8ec7,0.29709669947624207,0.044227343045037476
Silikonharzputz,eLCA Luftschicht (gemäß EN 15804+A2),1d0124d4-5a30-4501-a8dd-dbddbb1f8ec7,0.29709669947624207,0.044227343045037476
Silikonharzputz,eLCA Luftschicht (gemäß EN 15804+A2),1d0124d4-5a30-4501-a8dd-dbddbb1f8ec7,0.29709669947624207,0.044227343045037476
Lehmbauplatte,eLCA Luftschicht (gemäß EN 15804+A2),1d0124d4-5a30-4501-a8dd-dbddbb1f8ec7,0.45384156703948975,0.3843625813825756
Lehmbauplatte,eLCA Luftschicht (gemäß EN 15804+A2),1d0124d4-5a30-4501-a8dd-dbddbb1f8ec7,0.45384156703948975,0.3843625813825756
Lehmbauplatte,eLCA Luftschicht (gemäß EN 15804+A2),1d0124d4-5a30-4501-a8dd-dbddbb1f8ec7,0.45384156703948975,0.3843625813825756
Lehmfarbe,eLCA Luftschicht (gemäß EN 15804+A1),41c5627a-4a1d-4e12-ac62-c1d4f1560fb9,0.32279980182647705,0.10000289078591415
Lehmfarbe,eLCA Luftschicht (gemäß EN 15804+A1),41c5627a-4a1d-4e12-ac62-c1d4f1560fb9,0.32279980182647705,0.10000289078591415
Lehmfarbe,eLCA Luftschicht (gemäß EN 15804+A1),41c5627a-4a1d-4e12-ac62-c1d4f1560fb9,0.32279980182647705,0.10000289078591415
Lehm-Klebe- und Haftmörtel,eLCA Luftschicht (gemäß EN 15804+A2),1d0124d4-5a30-4501-a8dd-dbddbb1f8ec7,0.44882526993751526,0.3734772526513907
Lehm-Klebe- und Haftmörtel,eLCA Luftschicht (gemäß EN 15804+A2),1d0124d4-5a30-4501-a8dd-dbddbb1f8ec7,0.44882526993751526,0.3734772526513907
Lehm-Klebe- und Haftmörtel,eLCA Luftschicht (gemäß EN 15804+A2),1d0124d4-5a30-4501-a8dd-dbddbb1f8ec7,0.44882526993751526,0.3734772526513907
Lehmputz,eLCA Luftschicht (gemäß EN 15804+A1),41c5627a-4a1d-4e12-ac62-c1d4f1560fb9,0.38760635256767273,0.24063264106016696
Lehmputz,eLCA Luftschicht (gemäß EN 15804+A1),41c5627a-4a1d-4e12-ac62-c1d4f1560fb9,0.38760635256767273,0.24063264106016696
Lehmputz,eLCA Luftschicht (gemäß EN 15804+A1),41c5627a-4a1d-4e12-ac62-c1d4f1560fb9,0.38760635256767273,0.24063264106016696
Lehmputz mit CL-Nachweis,Chlorodifluoromethane (R22),c3d4882b-ee25-4595-9b95-01a318e72a44,0.3326941728591919,0.12147360495813114
Lehmputz mit CL-Nachweis,Chlorodifluoromethane (R22),c3d4882b-ee25-4595-9b95-01a318e72a44,0.3326941728591919,0.12147360495813114
Lehmputz mit CL-Nachweis,Chlorodifluoromethane (R22),c3d4882b-ee25-4595-9b95-01a318e72a44,0.3326941728591919,0.12147360495813114
Lehmschüttung granuliert,eLCA Luftschicht (gemäß EN 15804+A2),1d0124d4-5a30-4501-a8dd-dbddbb1f8ec7,0.534087061882019,0.5584947296187144
Lehmschüttung granuliert,eLCA Luftschicht (gemäß EN 15804+A2),1d0124d4-5a30-4501-a8dd-dbddbb1f8ec7,0.534087061882019,0.5584947296187144
Lehmschüttung granuliert,eLCA Luftschicht (gemäß EN 15804+A2),1d0124d4-5a30-4501-a8dd-dbddbb1f8ec7,0.534087061882019,0.5584947296187144
Lehmstein,eLCA Luftschicht (gemäß EN 15804+A1),41c5627a-4a1d-4e12-ac62-c1d4f1560fb9,0.34441080689430237,0.1468986167751078
Lehmstein,eLCA Luftschicht (gemäß EN 15804+A1),41c5627a-4a1d-4e12-ac62-c1d4f1560fb9,0.34441080689430237,0.1468986167751078
Lehmstein,eLCA Luftschicht (gemäß EN 15804+A1),41c5627a-4a1d-4e12-ac62-c1d4f1560fb9,0.34441080689430237,0.1468986167751078
Stampflehmwand,"PE foil, dimpled",0dbca1ff-d043-408f-9511-6aeddf8e5f70,0.3738071024417877,0.21068836726406773
Stampflehmwand,"PE foil, dimpled",0dbca1ff-d043-408f-9511-6aeddf8e5f70,0.3738071024417877,0.21068836726406773
Stampflehmwand,"PE foil, dimpled",0dbca1ff-d043-408f-9511-6aeddf8e5f70,0.3738071024417877,0.21068836726406773
Lehmschüttung granuliert mit CL-Nachweis ,eLCA Luftschicht (gemäß EN 15804+A2),1d0124d4-5a30-4501-a8dd-dbddbb1f8ec7,0.3906179666519165,0.24716782202174842
Lehmschüttung granuliert mit CL-Nachweis ,eLCA Luftschicht (gemäß EN 15804+A2),1d0124d4-5a30-4501-a8dd-dbddbb1f8ec7,0.3906179666519165,0.24716782202174842
Lehmschüttung granuliert mit CL-Nachweis ,eLCA Luftschicht (gemäß EN 15804+A2),1d0124d4-5a30-4501-a8dd-dbddbb1f8ec7,0.3906179666519165,0.24716782202174842
Leichtlehm (Stroh-Lehm-Gemisch),eLCA Luftschicht (gemäß EN 15804+A1),41c5627a-4a1d-4e12-ac62-c1d4f1560fb9,0.47252577543258667,0.4249071795804713
Leichtlehm (Stroh-Lehm-Gemisch),eLCA Luftschicht (gemäß EN 15804+A1),41c5627a-4a1d-4e12-ac62-c1d4f1560fb9,0.47252577543258667,0.4249071795804713
Leichtlehm (Stroh-Lehm-Gemisch),eLCA Luftschicht (gemäß EN 15804+A1),41c5627a-4a1d-4e12-ac62-c1d4f1560fb9,0.47252577543258667,0.4249071795804713
Leichtlehmputz,eLCA Luftschicht (gemäß EN 15804+A1),41c5627a-4a1d-4e12-ac62-c1d4f1560fb9,0.36290761828422546,0.18703656482024777
Leichtlehmputz,eLCA Luftschicht (gemäß EN 15804+A1),41c5627a-4a1d-4e12-ac62-c1d4f1560fb9,0.36290761828422546,0.18703656482024777
Leichtlehmputz,eLCA Luftschicht (gemäß EN 15804+A1),41c5627a-4a1d-4e12-ac62-c1d4f1560fb9,0.36290761828422546,0.18703656482024777
"Lichtkuppel Aufsatzkranz, PP Schürze 30cm [kg/lfm]","Cork slab, 6 mm (generic)",4116031f-9ee7-4ac0-93e7-972c4b2de8a0,0.4269481897354126,0.3260041455292767
"Lichtkuppel Aufsatzkranz, PP Schürze 30cm [kg/lfm]","Cork slab, 6 mm (generic)",4116031f-9ee7-4ac0-93e7-972c4b2de8a0,0.4269481897354126,0.3260041455292767
"Lichtkuppel Aufsatzkranz, PP Schürze 30cm [kg/lfm]","Cork slab, 6 mm (generic)",4116031f-9ee7-4ac0-93e7-972c4b2de8a0,0.4269481897354126,0.3260041455292767
Magnesiaestrich / Steinholzestrich,eLCA Luftschicht (gemäß EN 15804+A1),41c5627a-4a1d-4e12-ac62-c1d4f1560fb9,0.4377911686897278,0.3495333320873421
Magnesiaestrich / Steinholzestrich,eLCA Luftschicht (gemäß EN 15804+A1),41c5627a-4a1d-4e12-ac62-c1d4f1560fb9,0.4377911686897278,0.3495333320873421
Magnesiaestrich / Steinholzestrich,eLCA Luftschicht (gemäß EN 15804+A1),41c5627a-4a1d-4e12-ac62-c1d4f1560fb9,0.4377911686897278,0.3495333320873421
PE Weichschaum,Linoleum,c3d7aef9-38a6-4d2a-a77f-2eee25461482,0.3954356908798218,0.25762224904049513
PE Weichschaum,Linoleum,c3d7aef9-38a6-4d2a-a77f-2eee25461482,0.3954356908798218,0.25762224904049513
PE Weichschaum,Linoleum,c3d7aef9-38a6-4d2a-a77f-2eee25461482,0.3954356908798218,0.25762224904049513
PE-Drainageplatten,Sewer pipe PE-HD,cd5b784e-497d-4c76-abbd-d66867e1e986,0.6404778957366943,0.7893620759800718
PE-Drainageplatten,Sewer pipe PE-HD,cd5b784e-497d-4c76-abbd-d66867e1e986,0.6404778957366943,0.7893620759800718
PE-Drainageplatten,Sewer pipe PE-HD,cd5b784e-497d-4c76-abbd-d66867e1e986,0.6404778957366943,0.7893620759800718
PVC-Dachbahnen,Sewer pipe PVC,e1f7f83b-6f6e-4ed8-a666-0d49682982e1,0.39791274070739746,0.2629974293993445
PVC-Dachbahnen,Sewer pipe PVC,e1f7f83b-6f6e-4ed8-a666-0d49682982e1,0.39791274070739746,0.2629974293993445
PVC-Dachbahnen,Sewer pipe PVC,e1f7f83b-6f6e-4ed8-a666-0d49682982e1,0.39791274070739746,0.2629974293993445
Schafwolle (mit Flammschutzmittel),eLCA Luftschicht (gemäß EN 15804+A1),41c5627a-4a1d-4e12-ac62-c1d4f1560fb9,0.3384316861629486,0.13392396767415837
Schafwolle (mit Flammschutzmittel),eLCA Luftschicht (gemäß EN 15804+A1),41c5627a-4a1d-4e12-ac62-c1d4f1560fb9,0.3384316861629486,0.13392396767415837
Schafwolle (mit Flammschutzmittel),eLCA Luftschicht (gemäß EN 15804+A1),41c5627a-4a1d-4e12-ac62-c1d4f1560fb9,0.3384316861629486,0.13392396767415837
Schafwolle (ohne Zusatzstoffe),eLCA Luftschicht (gemäß EN 15804+A2),1d0124d4-5a30-4501-a8dd-dbddbb1f8ec7,0.49926719069480896,0.48293585889291435
Schafwolle (ohne Zusatzstoffe),eLCA Luftschicht (gemäß EN 15804+A2),1d0124d4-5a30-4501-a8dd-dbddbb1f8ec7,0.49926719069480896,0.48293585889291435
Schafwolle (ohne Zusatzstoffe),eLCA Luftschicht (gemäß EN 15804+A2),1d0124d4-5a30-4501-a8dd-dbddbb1f8ec7,0.49926719069480896,0.48293585889291435
Schaumglasgranulat Schüttung,Tetrafluoroethane (R134a),b47d86ac-60fa-46f7-ac5c-f98be4b7acdd,0.40122461318969727,0.27018416893106173
Schaumglasgranulat Schüttung,Tetrafluoroethane (R134a),b47d86ac-60fa-46f7-ac5c-f98be4b7acdd,0.40122461318969727,0.27018416893106173
Schaumglasgranulat Schüttung,Tetrafluoroethane (R134a),b47d86ac-60fa-46f7-ac5c-f98be4b7acdd,0.40122461318969727,0.27018416893106173
Schilfrohrdämmmatte,Calcium sulfate screed,8e1613f4-ef3e-4f4e-b337-c755c08cad6b,0.469361275434494,0.4180402372824336
Schilfrohrdämmmatte,Calcium sulfate screed,8e1613f4-ef3e-4f4e-b337-c755c08cad6b,0.469361275434494,0.4180402372824336
Schilfrohrdämmmatte,Calcium sulfate screed,8e1613f4-ef3e-4f4e-b337-c755c08cad6b,0.469361275434494,0.4180402372824336
Schilfrohrmatte (Putzträger),Calcium sulfate screed,8e1613f4-ef3e-4f4e-b337-c755c08cad6b,0.3766213655471802,0.2167952980170696
Schilfrohrmatte (Putzträger),Calcium sulfate screed,8e1613f4-ef3e-4f4e-b337-c755c08cad6b,0.3766213655471802,0.2167952980170696
Schilfrohrmatte (Putzträger),Calcium sulfate screed,8e1613f4-ef3e-4f4e-b337-c755c08cad6b,0.3766213655471802,0.2167952980170696
"Splitt 2/8, dauerelastisch gebunden (Latex, sonstige Polymere)","Joint sealing strips, polyisobutylene",98e0caab-5f0b-452f-a3d2-4e0256a799f3,0.43962326645851135,0.3535089711046223
"Splitt 2/8, dauerelastisch gebunden (Latex, sonstige Polymere)","Joint sealing strips, polyisobutylene",98e0caab-5f0b-452f-a3d2-4e0256a799f3,0.43962326645851135,0.3535089711046223
"Splitt 2/8, dauerelastisch gebunden (Latex, sonstige Polymere)","Joint sealing strips, polyisobutylene",98e0caab-5f0b-452f-a3d2-4e0256a799f3,0.43962326645851135,0.3535089711046223
Splittschüttung mineral. geb.,Gypsum stone (CaSO4-Dihydrate),fbd76e49-0fb1-47e0-abba-903ce1272684,0.40026646852493286,0.268105001880951
Splittschüttung mineral. geb.,Gypsum stone (CaSO4-Dihydrate),fbd76e49-0fb1-47e0-abba-903ce1272684,0.40026646852493286,0.268105001880951
Splittschüttung mineral. geb.,Gypsum stone (CaSO4-Dihydrate),fbd76e49-0fb1-47e0-abba-903ce1272684,0.40026646852493286,0.268105001880951
Splittschüttung mineral. geb.,Gypsum stone (CaSO4-Dihydrate),fbd76e49-0fb1-47e0-abba-903ce1272684,0.40026646852493286,0.268105001880951
Splittschüttung mineral. geb.,Gypsum stone (CaSO4-Dihydrate),fbd76e49-0fb1-47e0-abba-903ce1272684,0.40026646852493286,0.268105001880951
Splittschüttung mineral. geb.,Gypsum stone (CaSO4-Dihydrate),fbd76e49-0fb1-47e0-abba-903ce1272684,0.40026646852493286,0.268105001880951
Splittschüttung mineral. geb.,Gypsum stone (CaSO4-Dihydrate),fbd76e49-0fb1-47e0-abba-903ce1272684,0.40026646852493286,0.268105001880951
Splittschüttung mineral. geb.,Gypsum stone (CaSO4-Dihydrate),fbd76e49-0fb1-47e0-abba-903ce1272684,0.40026646852493286,0.268105001880951
Splittschüttung mineral. geb.,Gypsum stone (CaSO4-Dihydrate),fbd76e49-0fb1-47e0-abba-903ce1272684,0.40026646852493286,0.268105001880951
Wood-Plastic-Composites,3.2.09. Wood Plastic Composite (WPC) decking board,591b693f-8cfe-41fc-877d-68c730d9c31d,0.7375463843345642,1.0
Wood-Plastic-Composites,3.2.09. Wood Plastic Composite (WPC) decking board,591b693f-8cfe-41fc-877d-68c730d9c31d,0.7375463843345642,1.0
Wood-Plastic-Composites,3.2.09. Wood Plastic Composite (WPC) decking board,591b693f-8cfe-41fc-877d-68c730d9c31d,0.7375463843345642,1.0
